C0067,238462,238586,1
C0293,1195937,1196009,1
C0299,1229852,1229930,1
C0362,1550025,1550410,1
C0465,1970763,1970840,1
C0614,2651474,2651560,-1
C0664,2833077,2833189,1
C0719,3119380,3119601,1
IS128,2651537,2651745,1
aaeR,3387542,3388471,1
aaeXAB,3384243,3387359,-1
aas-lplT,2970691,2974036,-1
aat,925951,926655,-1
abgABT-ogt,1397745,1402589,-1
abgR,1402765,1403673,1
abrB,745946,746992,-1
accA,208621,209580,1
accBC,3403458,3405288,1
accD,2431034,2431948,-1
aceBAK,4213501,4218355,1
ackA-pta,2411492,2414913,1
acnA,1333855,1336530,1
acnB,131615,134212,1
acpH,423561,424142,-1
acpT,3610992,3611579,1
acrAB,480478,484843,-1
acrD,2585617,2588730,1
acrEF,3411886,3416159,1
acrR,484985,485632,1
acrZ,793996,794145,1
acs-yjcH-actP,4281276,4285394,-1
ada-alkB,2306713,2308427,-1
add,1700257,1701258,1
adeD,3841987,3843753,1
adeP,3893295,3894632,-1
adeQ,3840478,3841812,-1
adhE,1294669,1297344,-1
adhP,1550852,1551862,-1
adiA,4336277,4338544,-1
adiC,4333717,4335054,-1
adiY,4335191,4335952,-1
adk,496399,497043,1
adrA,402927,404042,1
aegA,2581568,2583547,-1
aer,3215578,3217098,-1
aes,498238,499197,-1
agaR,3275878,3276687,-1
agaS-kbaY-agaBCDI,3279998,3285047,1
agp,1064808,1066049,1
agrA,3646086,3646169,1
agrB,3646317,3646400,1
ahpCF,638168,640541,1
ahr,4493213,4494232,-1
aidB,4412298,4413923,1
ais,2363040,2363642,-1
alaA-yfbR,2405583,2407483,1
alaC,2495079,2496317,-1
alaE,2797186,2797635,1
alaS,2817403,2820033,-1
alaWX,2516063,2516253,-1
aldA,1486256,1487695,1
aldB,3752996,3754534,-1
alkA,2144716,2145564,-1
allA,531675,532157,1
allDCE,542485,545587,-1
allR,532235,533050,1
allS,530519,531445,-1
alpA,2756666,2756878,1
alr,4263805,4264884,1
alsK,4304893,4305822,-1
alx,3236602,3237567,1
amiA-hemF,2550374,2552146,1
amiC,2945779,2947032,-1
amn,2053085,2054539,1
ampC,4375834,4376967,-1
ampDE,118733,120135,1
ampG,451294,452769,-1
ampH,394354,395511,-1
amyA,2004180,2005667,1
anmK,1716517,1717626,-1
ansA-pncA,1848884,1850552,1
ansB,3097704,3098750,-1
ansP,1522505,1524004,-1
apbE,2308501,2309556,-1
aphA,4267437,4268150,1
appCBXA,1036963,1041138,1
appY,582904,583653,1
apt,490636,491187,1
aqpZ,914575,915270,-1
araBAD,65855,70048,-1
araC,70387,71265,1
araE-ygeA,2977965,2980204,-1
araFGH,1980578,1984152,-1
araJ,410521,411705,-1
arcA,4637613,4638329,-1
arcB,3348711,3351047,-1
arcZ,3348599,3348719,1
arfA,3436453,3436671,-1
argA,2947264,2948595,1
argCBH,4153024,4156246,1
argD,3486982,3488202,-1
argE,4151719,4152870,-1
argF,288525,289529,-1
argG,3316659,3318002,1
argI,4475330,4476334,-1
argO,3066195,3066830,-1
argP,3057775,3058668,1
argR,3382725,3383195,1
argS,1958086,1959819,1
argT-hisJQMP,2421758,2425813,-1
argU,563946,564022,1
argW,2464331,2464405,1
argX-hisR-leuT-proM,3980398,3980834,1
arnBCADTEF,2363932,2371300,1
aroF-tyrA,2736970,2739172,-1
aroG,784856,785908,1
aroH,1786459,1787505,1
aroKB-damX-dam-rpe-gph-trpS,3510656,3517086,-1
aroL-yaiA-aroM,405629,407329,1
aroP,120178,121551,-1
arpA,4218324,4220510,-1
arpB_1B_2,1801118,1803017,1
arrS,3656009,3656077,-1
arsRBC,3646551,3648685,1
artJ,899067,899798,-1
artPIQM,900089,902957,-1
ascFB,2837546,2840436,1
ascG,2836276,2837286,-1
asd,3571798,3572901,-1
aslA,3982375,3984030,-1
aslB,3980981,3982216,1
asmA,2137783,2139636,-1
asnA,3925178,3926170,1
asnB,696736,698400,-1
asnC-mioC-mnmG-rsmG,3921080,3925026,-1
asnS,986808,988208,-1
asnT,2042573,2042648,1
asnU,2057875,2057950,1
asnV,2060284,2060359,1
asnW,2056051,2056126,-1
aspA-dcuA,4363495,4366350,-1
aspC,983742,984932,-1
aspS,1946774,1948546,-1
aspT,3944895,3944971,1
aspU,228928,229004,1
aspV,236931,237007,1
asr,1669400,1669708,1
astCADBE,1823979,1830006,-1
atl,475206,475595,-1
atoDAEB,2321469,2325315,1
atoSC,2318065,2321273,1
atpIBEFHAGDC,3913576,3920463,-1
avtA,3737728,3738981,1
azoR,1480279,1480884,-1
azuC,1985897,1985983,-1
bacA,3201332,3202153,-1
bamA-skp-lpxD-fabZ-lpxAB-rnhB-dnaE,197928,208608,1
bamB-der,2633906,2636674,-1
bamD,2734168,2734905,1
bamE,2751627,2751968,1
barA,2913079,2915835,1
basRS,4330204,4331973,-1
bax,3734376,3735200,-1
bcp,2598500,2598970,1
bcr,2276592,2277782,-1
bcsABZC,3683723,3693259,-1
bcsEFG,3694481,3697916,1
bcsQ,3693256,3693984,-1
bdcA,4471363,4472076,-1
bdcR,4472147,4472740,1
bdm-sra,1553850,1554304,-1
bepA-yfgD,2614116,2615959,1
betIBA,324801,328558,-1
betT,328687,330720,1
bfd-bfr,3464271,3465013,-1
bglA,3041684,3043123,1
bglGFB,3900312,3904590,-1
bglH-yieLK,3896694,3900243,-1
bglX,2217714,2220011,-1
bhsA,1168296,1168553,1
bioA,807191,808480,-1
bioBFCD,808567,812170,1
bioH,3542096,3542866,-1
bisC,3712084,3714417,-1
blc,4375212,4375745,-1
blr,1702575,1702700,1
bluF,1213487,1214698,-1
bluR,1212551,1213282,-1
bolA,453696,454013,1
borD,577823,578116,-1
brnQ-proY,418815,421583,1
bsmA,4414464,4414793,-1
bssR,877471,877854,1
bssS,1119924,1120178,-1
btuB-murI,4161662,4164308,1
btuCED,1790833,1793176,-1
cadBA,4354493,4358054,-1
cadC,4358419,4359957,-1
caiF,34300,34695,1
caiTABCDE,34781,41931,-1
can,142008,142670,-1
carAB,29651,34038,1
cas3,2882575,2885241,-1
casABCDE12,2876591,2882160,-1
cbl,2057988,2058938,-1
cbpAM,1061773,1062998,-1
cbrA,3867400,3868464,1
cbrBC,3895529,3896632,1
cdaR,182463,183620,1
cdd,2229866,2230750,1
cdh,4107953,4108708,1
cdsA,195677,196534,1
cedA,1811445,1811687,-1
cfa,1739437,1740585,1
chaA,1269972,1271072,-1
chaBC,1271342,1272425,1
chbBCARFG,1814410,1819643,-1
chiA,3465182,3467875,-1
chiP-ybfN,707557,709339,1
chiX,506428,506511,1
cho,1821539,1822426,1
chpSB,4446470,4447065,1
cirA,2242800,2244791,-1
citCDEFXG,645854,651079,-1
citT,644340,645803,-1
clcA,175107,176528,1
clcB,1663339,1664595,1
clpA,922487,924763,1
clpB,2729622,2732195,-1
clpPX-lon,455901,460466,1
clpS,922136,922456,1
clsA-yciU,1304845,1306669,-1
cmk-rpsA-ihfB,960424,963335,1
cmtBA-yggPFDC,3071998,3077352,-1
cnu,1702973,1703188,1
coaA,4172099,4173049,-1
coaE-zapD-yacG,111649,113219,-1
cobUST,2061412,2063788,-1
codBA,354146,356678,1
cof,466636,467454,1
comR,1167423,1168055,-1
copA,508099,510603,-1
corA,3999449,4000399,1
cpdB,4432645,4434588,-1
cpxP,4103843,4104343,1
cpxRA,4101625,4103693,-1
cra,88028,89032,1
crcB,656778,657161,-1
creABCD,4633544,4637553,1
crfC-yjcZ,4325158,4328261,1
crl,257829,258230,1
crp,3484142,3484774,1
csdAE,2941359,2943007,1
csgBAC,1103174,1104516,1
csgDEFG,1100074,1102419,-1
csiD-lhgO-gabDTP,2787007,2793675,1
csiE,2663457,2664737,1
csiR,2793696,2794358,1
cspA,3718072,3718284,1
cspB,1639363,1639578,-1
cspD,921589,921813,-1
cspE,656515,656724,1
cspF,1639879,1640091,1
cspG,1050684,1050896,1
cspH,1050186,1050398,-1
cspI,1636479,1636691,-1
csrA,2816983,2817168,-1
csrB,2922178,2922546,-1
csrC,4049059,4049303,1
csrD,3399414,3401354,-1
cstA,629117,631222,1
cueO,137083,138633,1
cueR,513217,513624,1
curA,1517051,1518088,1
cusCFBA,594823,601080,1
cusRS,592551,594666,-1
cutA,4363041,4363379,-1
cutC,1956544,1956984,-1
cvpA-purF-ubiX,2426079,2428785,-1
cvrA,1239558,1241294,-1
cyaA,3989176,3991722,1
cyaR,2165138,2165224,1
cyaY,3991762,3992082,-1
cybB,1488926,1489456,1
cybC,4457576,4457878,1
cycA,4427887,4429299,1
cydAB,770681,773404,1
cydDC,926697,930185,-1
cydX-ybgE,773419,773825,1
cynR,357015,357914,-1
cynTSX,358023,360370,1
cyoABCDE,446039,450834,-1
cysB,1331879,1332853,1
cysDNC,2871409,2874351,-1
cysE,3779764,3780585,-1
cysJIH,2885600,2889920,-1
cysK,2530431,2531402,1
cysPUWAM,2536694,2541550,-1
cysQ,4434778,4435518,1
cysS,553834,555219,1
cysZ,2529485,2530246,1
cytR,4121454,4122479,-1
dacA,661975,663186,-1
dacB,3326985,3328418,1
dacC,879950,881152,1
dacD,2079405,2080571,-1
dadAX,1236794,1239172,1
dapA-bamC,2595853,2597782,-1
dapB,28374,29195,1
dauA,1258347,1260026,-1
dcm-vsr,2028472,2030341,-1
dcp,1623359,1625404,-1
dcrB,3607978,3608535,1
dctA,3680184,3681470,-1
dcuB-fumB,4343703,4346767,-1
dcuC,653806,655191,-1
dcuD,3372891,3374258,1
dcuSR,4347338,4349685,-1
dcyD-yecSC,1995086,1997504,-1
ddlA,399053,400147,-1
ddpXABCDF,1555136,1561100,-1
def-fmt,3431712,3433183,1
degP,180884,182308,1
degQS,3378765,3381289,1
deoCABD,4615346,4619625,1
deoR,881199,881957,-1
dfp,3810754,3811974,1
dgcZ,1620984,1621874,-1
dgkA,4254660,4255028,1
dgoRKADT,3868461,3873183,-1
dgt,179237,180754,1
dhaKLM,1246919,1250061,-1
dhaR,1250289,1252208,1
diaA,3293831,3294421,1
dicA,1645958,1646365,1
dicB-ydfDE-insD-intQ,1647633,1650732,1
dicC-ydfXW,1645198,1645874,-1
dicF,1647406,1647458,1
dinB-yafNOP,250898,253161,1
dinD,3815783,3816607,1
dinG,832293,834443,1
dinI,1120465,1120710,-1
dinJ-yafQ,245961,246502,-1
dinQ,3645728,3645811,-1
djlA,57364,58179,1
dkgB,229167,229970,1
dld,2220207,2221922,1
dmlA,1879936,1881021,1
dmlR,1878910,1879833,-1
dmsABC,940182,944119,1
dnaAN-recF,3878171,3881752,-1
dnaB,4262337,4263752,1
dnaK-tpke11-dnaJ,12163,15298,1
dnaQ,236067,236798,1
dnaX,491316,493247,1
dosCP,1561358,1565164,-1
dpiBA,651458,653765,1
dppABCDF,3699887,3705728,-1
dps,847631,848134,-1
dsbB,1231723,1232253,-1
dsbD-yjdC,4360756,4363065,-1
dsbG,637050,637796,-1
dsdC,2474716,2475651,-1
dsdXA,2475869,2478552,1
dsrA,2023251,2023337,-1
dsrB,2022659,2022847,-1
dtpA,1710793,1712295,1
dtpB,3638885,3640354,1
dtpC,4352977,4354434,-1
dtpD,740298,741779,-1
dusA,4259692,4260729,1
dusB-fis,3408302,3409589,1
dusC,2227460,2228407,-1
dut-slmA,3811955,3813113,1
dxr,193521,194717,1
eaeH-insE-1EF-1F-1,313581,315677,1
eamA,1618262,1619161,-1
eamB,2713445,2714032,1
ebgAC,3220655,3224193,1
ebgR,3219488,3220471,1
ecnAB,4374340,4374722,1
eco,2301927,2302415,1
ecpA,309308,309895,-1
ecpBCDE,303719,309250,-1
ecpR,309970,310560,-1
edd-eda,1930139,1932628,-1
efeOB,1081466,1083870,1
efeU_1U_2,1080579,1081408,1
efp,4373722,4374288,1
elaA,2379104,2379565,-1
elaB,2378744,2379049,-1
elaD,2380735,2381946,1
elbB-mtgA,3347103,3348481,-1
elfA,997091,997630,1
elfDCG-ycbUVF,997713,1003880,1
elyC,971845,972624,-1
emrD,3851945,3853129,1
emrKY,2478660,2481361,-1
emtA,1242403,1243014,1
endA,3088369,3089076,1
entCEBAH,624108,628936,1
entS,621523,622773,1
envR,3410825,3411487,-1
envY-ompT,583903,586131,-1
epd-pgk-fbaA,3068187,3071713,-1
epmA,4380666,4381643,1
epmB,4372652,4373680,-1
eptA,4331970,4333613,-1
eptB,3706807,3708498,-1
eptC,4146555,4148288,-1
erfK,2060415,2061347,-1
erpA,176610,176954,1
esrE,4018001,4018252,1
essD-rrrD-rzpD,576621,577791,1
essQ-ydfR-rrrQ-ydfP,1637054,1638609,-1
ettA,4626878,4628545,-1
eutBCLKR,2552152,2556701,-1
eutHA,2563503,2566129,-1
eutNEJG,2566346,2570072,-1
eutSPQTDM,2570179,2573827,-1
evgAS,2481777,2485989,1
exbBD,3148840,3150006,-1
exuR,3244674,3245450,1
exuT,3243246,3244544,1
fabA,1015175,1015693,-1
fabB,2438407,2439627,-1
fabI,1348275,1349063,-1
fabR-yijD,4159090,4160153,1
fadBA,4025632,4028994,-1
fadD-sroD,1886041,1887770,-1
fadE,240859,243303,-1
fadH,3229687,3231705,1
fadIJ,2455037,2458491,-1
fadL,2459322,2460668,1
fadM,463626,464024,1
fadR,1234161,1234880,1
fbaB,2175534,2176586,-1
fbp,4452634,4453632,-1
fdhD,4084039,4084872,1
fdhF,4295242,4297389,-1
fdnGHI,1545425,1550015,1
fdoGHI-fdhE,4078322,4083845,-1
fdrA-ylbE_1E_2F-ybcF,545904,550555,1
feaB,1445543,1447042,1
feaR,1444402,1445307,-1
fecABCDE,4508713,4514700,-1
fecIR,4514787,4516258,-1
feoABC,3538185,3540986,1
fepA-entD,608682,611717,-1
fepB,622777,623733,-1
fepDGC,618607,621412,-1
fes-ybdZ-entF-fepE,612038,618610,1
fetAB,515143,516586,1
ffh,2744456,2745817,-1
ffs,475672,475785,1
fhuACDB,167484,173444,1
fhuE,1158585,1160774,-1
fhuF,4602898,4603686,-1
fieF,4104492,4105394,1
fimAICDFGH,4541138,4547733,1
fimB,4538980,4539582,1
fimE,4540060,4540656,1
fimZ,563071,563703,-1
fiu,838472,840754,-1
fixABCX,42403,45750,1
fklB,4426958,4427578,1
fkpA,3474629,3475441,-1
fldA-uof-fur,709423,710688,-1
fldB,3037877,3038398,1
flgAMN,1128637,1130086,-1
flgBCDEFGHIJ,1130241,1137535,1
flgKL,1137601,1140209,1
flhBAE,1960604,1964215,-1
flhDC,1975290,1976221,-1
fliAZY,1997609,1999813,-1
fliC,2000134,2001630,-1
fliDST,2001896,2004102,1
fliE,2010724,2011038,-1
fliFGHIJK,2011253,2017537,1
fliLMNOPQR,2017642,2021702,1
flk,2435972,2436967,1
flxA,1644429,1644761,1
fnr,1396798,1397550,-1
fnrS,1407153,1407271,1
focA-pflB,950495,953689,-1
folA,49823,50302,1
folB,3202243,3202611,-1
folC-dedD,2429044,2430964,-1
folD-ybcJ,555884,556964,-1
folE-yeiB,2239832,2241674,-1
folP-glmM,3320755,3322933,-1
folX-yfcH,2419347,2420623,1
fpr,4111749,4112495,-1
frdABCD,4377030,4380341,-1
fre,4024550,4025251,1
frlABCDR,3497932,3502805,1
frmRAB,376759,379105,-1
frr,192872,193429,1
frsA,256527,257771,1
fruBKA,2257741,2261517,-1
frvABXR,4086130,4090846,-1
frwCB,4140553,4141967,1
frwD,4145161,4145502,1
fryBC-ypdFE-fryA,2500012,2506264,-1
fsaA,862865,863527,1
fsr,502700,503920,-1
ftnA,1986740,1987237,1
ftnB,1984949,1985452,1
ftsB,2870531,2870842,-1
ftsK,932447,936436,1
ftsP,3159279,3160691,-1
ftsYEX,3599051,3602266,-1
fucAO,2929887,2931710,-1
fucPIKUR,2932257,2938121,1
fumAC,1683209,1686401,-1
fxsA,4366687,4367163,1
gadAXW,3661913,3665603,-1
gadBC,1566978,1570069,-1
gadE-mdtEF,3656389,3661550,1
gadY,3662887,3662991,1
galETKM,787020,791278,-1
galF,2111458,2112351,-1
galP,3086306,3087700,1
galR,2974621,2975652,1
galS,2238650,2239690,-1
galU,1290680,1291588,1
gapA-yeaD,1860795,1862758,1
gapC_1C_2,1487737,1488737,-1
garD,3273304,3274875,1
garPLRK-rnpB,3268238,3272929,-1
gatR_1,2167717,2168163,-1
gatR_2,2169419,2169757,-1
gatYZABCD,2169857,2175226,-1
gcd,138835,141225,-1
gcl-hyi-glxR-ybbW-allB-ybbY-glxK,533140,542257,1
gcvA,2939672,2940589,-1
gcvB,2940718,2940922,1
gcvR,2597928,2598500,1
gcvTHP,3044190,3048689,-1
gdhA,1840395,1841738,1
gfcA,1048662,1048967,-1
gfcBCD,1045072,1048555,-1
gfcE-etp-etk,1041253,1045026,-1
ggt,3583104,3584846,-1
ghoST,4350607,4351104,1
ghrA,1097109,1098047,1
ghrB,3715333,3716307,1
ghxP,4276502,4277851,1
glcC,3126294,3127058,1
glcDEFGBA,3117619,3126043,-1
glf-wbbH,2104084,2106353,-1
glgBXCAP,3562157,3571525,-1
glgS,3189761,3189961,-1
glk,2506483,2507448,-1
glmUS,3909862,3913223,-1
glmY,2689179,2689362,-1
glmZ,3984455,3984626,1
glnALG,4051892,4056057,-1
glnHPQ,844964,847227,-1
glnK-amtB,471822,473476,1
glnS,705316,706980,1
gloB,234027,234782,-1
glpABC,2350669,2354733,1
glpD,3560036,3561541,1
glpEGR,3557870,3559846,-1
glpFKX,4112592,4116113,-1
glpTQ,2347957,2350396,-1
glrK,2687693,2689120,-1
glrR-glnB,2685092,2686825,-1
gltA,752408,753691,-1
gltBDF,3352654,3359962,1
gltI-sroC-gltJKL,683753,686970,-1
gltP,4292504,4293817,1
gltS,3825483,3826688,-1
gltX,2517279,2518694,-1
glvCBG-ysdC,3859196,3861626,-1
glyA,2682276,2683529,-1
glyQS,3720351,3723341,-1
glyU,2997006,2997079,-1
glyVXY,4390383,4390681,1
glyW-cysT-leuZ,1989839,1990141,-1
gmhB,222833,223408,1
gmk,3819451,3820074,1
gmr,1342781,1344766,-1
gnd,2097886,2099292,-1
gnsB,1635633,1635806,-1
gntP,4547976,4549319,-1
gntRKU,3573744,3576749,-1
gntT,3544581,3545897,1
gntX-nfuA,3542904,3544221,1
gor,3644322,3645674,1
gpmA,786066,786818,-1
gpmM-envC-yibQ,3783283,3787083,1
gpp,3960768,3962252,-1
gpt,255977,256435,1
grcA,2714088,2714471,-1
greA,3326261,3326737,-1
greB,3534834,3535310,1
groSL,4368711,4370694,1
grpE,2748137,2748730,-1
grxA,889719,889976,-1
grxB,1122630,1123277,-1
grxC,3782214,3782465,-1
grxD,1731778,1732125,-1
gshA,2812905,2814461,-1
gsk,499349,500653,1
gspAB,3451530,3453420,-1
gspCDEFGHIJKLMO,3453600,3464242,1
gss,3134685,3136544,-1
gstA,1712401,1713006,1
gstB,879077,879703,-1
guaBA,2628980,2632092,-1
guaC,113444,114487,1
gudPXD,2916067,2920122,-1
gyrA,2334815,2337442,-1
gyrB,3875728,3878142,-1
hcaEFCBD,2667054,2671271,1
hcaR,2666028,2666918,-1
hcaT,2664729,2665868,-1
hchA,2033859,2034710,1
hcp-hcr,910405,913037,-1
hda,2616097,2616798,-1
hdeAB-yhiD,3653278,3654763,-1
hdeD,3655018,3655590,1
hdfR,3945151,3945990,-1
hdhA,1695297,1696064,-1
helD,1023694,1025748,1
hemA-prfA-prmC,1262937,1266150,1
hemB,387977,388951,-1
hemCDXY,3984709,3988789,-1
hemH,497279,498241,1
hemL,173602,174882,-1
hemN,4050068,4051441,1
hepA-rluA,59687,63264,-1
hflD-purB,1189839,1191854,-1
hicAB,1507310,1507948,1
higBA,3231750,3232477,-1
hinT-ycfL-lpoB-thiK-nagZ-ycfP,1161108,1164908,1
hipBA,1588878,1590466,-1
hisLGDCBHAFI,2088020,2095249,1
hisS,2637323,2638597,-1
hlyE,1228706,1229617,-1
hmp,2683857,2685047,1
hns,1291732,1292145,-1
hofMNOP,3518637,3520773,-1
hofQ,3517487,3518725,-1
hokA,3718471,3718623,-1
hokB,1489946,1490095,-1
hokE,607059,607211,1
holC-valS,4479005,4482303,-1
holD-rimI-yjjG,4605826,4607346,1
holE,1923132,1923362,1
hpt,141431,141967,1
hrpA,1481142,1484987,1
hrpB,162105,164534,1
hscBA-fdx-iscX,2654558,2657489,-1
hscC,680946,682616,-1
hsdRMS,4578091,4584838,-1
hslJ,1439345,1439767,-1
hslVU,4118439,4120310,-1
hspQ,1027627,1027944,-1
htgA,10830,11315,1
htpG,494344,496218,1
htpX,1909719,1910600,-1
htrL,3790849,3791706,-1
hupA,4198304,4198576,1
hupB,460675,460947,1
hyaABCDEF,1031362,1036829,1
hybOABCDEFG,3137738,3144283,-1
hycABCDEFGHI,2840595,2848457,-1
hydN-hypF,2833195,2836127,-1
hyfABCDEFGHIJR-focB,2599223,2612804,1
hypABCDE-fhlA,2848669,2854438,1
hypT,4555401,4556312,-1
hyuA,3008050,3009435,1
iaaA-gsiABCD,865791,872024,1
iap,2874603,2875640,1
ibaG-murA,3333257,3334825,-1
ibpAB,3864492,3865445,-1
icd,1194346,1195596,1
icdC,1210648,1210800,1
iclR,4220827,4221651,-1
idi,3031087,3031635,1
idnDOTR,4488164,4492429,-1
idnK,4492646,4493209,1
ileX,3213620,3213695,1
ileY,2783784,2783859,-1
ilvC,3955993,3957468,1
ilvIH,85630,87848,1
ilvLXG_1G_2MEDA,3948345,3954898,1
ilvY,3954950,3955843,-1
inaA,2346844,2347494,-1
infA,925448,925666,-1
insA-4AB-4B-4,1049056,1049753,1
insA-7,4516550,4516825,1
insAB-1A-1B-1,19811,20508,-1
insAB-2A-2B-2-afuBC,276980,279099,-1
insAB-3A-3B-3,289873,290570,-1
insAB-5A-5B-5,1976542,1977239,-1
insB-7_1B-7_2,4516744,4517247,1
insC-1CD-1D-1,380530,381803,1
insC-5CD-5D-5-yqiGHI,3184164,3189718,1
insC-6CD-6D-6,4496250,4497523,1
insCD-2C-2D-2,1465945,1467218,-1
insCD-3C-3D-3,2066976,2068249,-1
insCD-4C-4D-4-ygeONM,2993336,2995667,-1
insE-3EF-3F-3,566056,567227,1
insE-5EF-5F-5,2168251,2169422,1
insEF-2E-2F-2,390963,392134,-1
insEF-4E-4F-4,1093498,1094669,-1
insG,4500126,4501454,-1
insH-1,273325,274341,-1
insH-10,3363724,3364740,-1
insH-11,3650205,3651221,-1
insH-2,573960,574976,-1
insH-3,687220,688236,-1
insH-4,1394100,1395116,1
insH-5,1425770,1426750,-1
insH-6,2064329,2065345,-1
insH-7,2099919,2100935,-1
insH-8,2287087,2288103,-1
insH-9,3128200,3129216,1
insI-2,1467382,1468533,1
insJ,3718703,3719224,1
insK,3719177,3720072,1
insL-1,15445,16557,1
insL-2,607288,608400,1
insL-3,2512353,2513465,1
insMI-3,4505489,4506965,-1
insN-1I-1O-1,269466,271479,1
insN-2,4505220,4505486,1
insO-2-yjhWV,4506981,4508156,1
intA,2754181,2755422,1
intB,4494773,4495963,1
intD,564038,565201,-1
intF,294920,296320,-1
intG,2010526,2010804,1
intS,2464567,2465724,1
intZ,2556793,2558088,1
iraD,4555016,4555408,1
iraM,1210903,1211226,-1
iraP,400610,400870,1
iscRSUA,2657585,2660153,-1
ispB,3331732,3332703,1
ispDF,2869323,2870512,-1
ispG-sroE,2638617,2639826,-1
ispU,194903,195664,1
isrB,1985863,1986022,-1
isrC-flu,2069341,2072682,1
istR-1,3851141,3851215,-1
istR-2,3851141,3851280,-1
ivbL-ilvBN-uhpABC,3845328,3851011,-1
ivy,240343,240816,1
katE,1811891,1814152,1
katG,4131858,4134038,1
kbaZ-agaVWA,3276936,3279647,1
kbl-tdh,3788343,3790574,-1
kch,1307040,1308293,-1
kdgK,3677442,3678371,1
kdgR,1907332,1908123,-1
kdgT,4099713,4100696,1
kdpDE,720279,723637,-1
kdpFABC,723630,728044,-1
kduD,2980519,2981280,-1
kduI,2981310,2982146,-1
kefFC,47246,49631,1
kefGB-yheV,3476614,3479183,-1
kgtP,2722470,2723768,-1
kilR-ydaE,1415862,1416253,-1
kptA,4558953,4559507,1
kup,3929339,3931207,1
lacZYA,360473,365529,-1
lafU,250072,250827,1
lapAB-pyrF-yciH,1338267,1341008,1
ldcA,1241389,1242303,-1
ldcC,209679,211820,1
ldhA,1439878,1440867,-1
ldrA,1268391,1268498,-1
ldrB,1268926,1269033,-1
ldrC,1269461,1269568,-1
ldrD,3698003,3698110,-1
lepAB,2702357,2705146,-1
leuE,1878145,1878783,-1
leuLABCD,78848,83708,-1
leuO,84368,85312,1
leuQPV,4604102,4604424,-1
leuS-lptE-holA-nadD-cobC,668519,674006,-1
leuX,4494428,4494512,1
lexA-dinF,4255138,4257144,1
lfhA,248358,250070,-1
lgoD,4594013,4595035,1
lgoR,4592960,4593874,-1
lgoT,4591384,4592745,-1
lgt-thyA,2962383,2964059,-1
ligA-ypeB,2525963,2528198,-1
ligB,3817511,3819193,-1
ligT,161501,162031,-1
lipA,658474,659439,-1
lit,1197918,1198811,1
livJ,3596578,3597681,-1
livKHMGF,3590747,3595583,-1
lldPRD,3775422,3779040,1
loiP,3079935,3080693,1
lolA-rarA,936592,938560,1
lolB-ispE-prs,1260151,1262723,-1
lolCDE,1174650,1177787,1
lomR_2-stfR-tfaR,1426838,1431010,1
lpcA,243543,244121,1
lpoA,3291422,3293458,1
lpp,1755445,1755681,1
lptD-surA-pdxA-rsmA-apaGH,50380,57109,-1
lptFG,4484241,4486423,1
lpxL,1114885,1115805,-1
lpxM,1937246,1938217,-1
lpxP,2493667,2494587,1
lrhA,2403725,2404663,-1
lrp,931818,932312,1
lsrACDBFG-tam,1599514,1606128,1
lsrRK,1596641,1599265,-1
luxS,2812240,2812755,-1
lysA,2975659,2976921,-1
lysC,4229907,4231256,-1
lysP,2245085,2246554,-1
lysQ,780800,780875,1
lysR,2977043,2977978,1
lysT-valT-lysW,779777,780141,1
lysU,4351223,4352740,-1
lysZ,780592,780667,1
maa,478591,479142,-1
macAB,918458,921516,1
maeA,1551996,1553693,-1
maeB,2574120,2576399,-1
mak,409368,410276,1
malEFG,4240649,4244442,-1
malI,1696176,1697204,-1
malK-lamB-malM,4244807,4248497,1
malPQ,3546008,3550495,-1
malS,3735520,3737550,1
malT,3551107,3553812,1
malXY,1697379,1700153,1
malZ,421742,423556,1
manA,1686600,1687775,1
manXYZ,1900072,1902770,1
map-glnD-dapD,185123,189506,-1
marC,1616267,1616932,-1
marRAB,1617144,1618231,1
matP,1017708,1018160,1
mcaS,1403683,1403775,-1
mcbA,841019,841279,-1
mcbR,1518286,1518951,1
mcrA,1209569,1210402,1
mcrBC,4574935,4577360,-1
mdaB,3170552,3171133,1
mdfA,882896,884128,1
mdh,3381352,3382290,-1
mdlAB,468095,471641,1
mdtABCD-baeSR,2152040,2163022,1
mdtG,1113487,1114713,-1
mdtH,1123341,1124549,-1
mdtJI,1670844,1671525,-1
mdtK,1741481,1742854,1
mdtL,3889638,3890813,1
mdtM-yjiN,4563989,4566542,-1
mdtNOP,4297587,4302132,-1
mdtQ,2225345,2226433,-1
melAB,4339934,4342813,1
melR,4338743,4339651,-1
menA-rraA,4116868,4118372,-1
menFDHBCE,2371670,2378665,-1
mepH,1732459,1733274,1
mepM,1938337,1939659,-1
mepS,2268001,2268567,1
metA,4212303,4213232,1
metBL,4126695,4130290,1
metC,3150258,3151445,1
metE,4011076,4013337,1
metF,4130639,4131529,1
metG,2192322,2194355,1
metH,4221851,4225534,1
metJ,4126101,4126418,-1
metK,3084728,3085882,1
metNIQ,220113,222645,-1
metR,4009886,4010839,-1
metT-leuW-glnUW-metU-glnVX,695653,696356,-1
metY-rimP-nusA-infB-rbfA-truB-rpsO-pnp,3307055,3316311,-1
metZWV,2945409,2945705,1
mfd,1169741,1173187,-1
mglBAC,2234765,2238370,-1
mgrB,1906647,1906790,-1
mgrR,1620841,1620938,-1
mgsA,1025780,1026238,-1
mgtLA,4465454,4468344,1
mhpABCDFE,367835,374105,1
mhpR-lacI,365652,367644,-1
mhpT,374683,375894,1
miaB,692754,694178,-1
micA,2812824,2812895,1
micC,1435145,1435253,1
micF,2311106,2311198,1
minCDE,1223502,1225303,-1
mipA,1863750,1864496,-1
mlaA,2462274,2463029,-1
mlaFEDCB,3334985,3338087,-1
mlc-ynfK,1664548,1666588,-1
mliC,1716090,1716419,-1
mlrA,2212888,2213619,1
mltA,2944103,2945200,-1
mltB,2822513,2823598,-1
mltD,232597,233955,-1
mltF,2693823,2695379,1
mmuPM,274549,276871,1
mnaT-ydcZ,1515906,1516870,-1
mngAB,765207,769834,1
mngR,764376,765098,-1
mnmA,1191890,1192996,-1
mnmC,2439786,2441792,1
mnmE,3884851,3886215,1
mntH,2509490,2510728,-1
mntP,1903712,1904278,1
mntR-ybiR,852406,853988,1
moaABCDE,816267,818970,1
mobAB,4038929,4040022,-1
mocA,3013182,3013760,1
modABC,794312,796835,1
modEF,791539,793867,-1
moeAB,863603,865587,-1
mog,9306,9893,1
mokB,1489986,1490153,-1
mokC-hokC,16751,16960,-1
molR_1,2194496,2195320,1
molR_2,2195432,2197369,1
molR_3-yehI,2197344,2201933,1
motAB-cheAW,1970860,1975163,-1
mpl,4453808,4455181,1
mppA,1391251,1392864,1
mprA-emrAB,2808792,2812176,1
mqo,2303130,2304776,-1
mqsRA,3165873,3166566,-1
mraZ-rsmH-ftsLI-murEF-mraY-murD-ftsW-murGC-ddlB-ftsQAZ-lpxC,89634,107474,1
mrcA,3520893,3523445,1
mrcB,164730,167264,1
mreBCD,3396409,3399109,-1
mrp,2191081,2192190,-1
mrr,4584972,4585886,1
mscK,485760,489122,1
mscL,3436046,3436456,1
mscS,3066969,3067829,-1
msrA,4439561,4440199,-1
msrB,1860040,1860453,-1
msrC,1913655,1914206,-1
msyB,1113030,1113404,-1
mtfA,2041675,2042472,1
mtlADR,3770304,3774182,1
mtn-btuF-yadS,177001,179153,-1
mtr,3302595,3303839,-1
mug,3212989,3213495,-1
murB-birA,4170080,4172070,1
murJ,1127062,1128597,1
murQP-yfeW,2543795,2547428,1
murR,2542774,2543631,-1
mutH,2967684,2968373,1
mutS,2855115,2857676,1
mutY-yggX-mltC-nupG,3101035,3104992,1
nac,2059040,2059957,-1
nadA-pnuC,781308,783108,1
nadB,2708442,2710064,1
nadC,117752,118645,-1
nadE,1820482,1821309,1
nadK,2748853,2749731,1
nagBAC-umpH,698797,702834,-1
nagE,703167,705113,1
nagK-cobB,1177816,1179582,1
nanATEK-yhcH,3367036,3371598,-1
nanCMS,4534637,4537524,-1
nanR,3371720,3372511,-1
napFDAGHBC-ccmABCDEFGH,2289380,2301519,-1
narGHJI,1279087,1285749,1
narK,1277180,1278571,1
narP,2288522,2289169,1
narQ,2583753,2585453,1
narU,1540696,1542084,-1
narXL,1274402,1276841,-1
narZYWV,1533961,1540614,-1
ndh,1165308,1166612,1
ndk,2642455,2642886,-1
nemRA-gloA,1724047,1726268,1
nepI,3838572,3839762,-1
nfo,2248862,2249719,1
nfrBA,587205,592401,-1
nfsB,603994,604647,-1
nhaAR,17489,19620,1
nhaB,1232399,1233940,-1
nhoA,1532048,1532893,1
nikABCDER,3611690,3617012,1
nirBDC-cysG,3492033,3497223,1
nlpA,3837198,3838016,-1
nlpC,1790291,1790755,-1
nlpD-rpoS,2864581,2866775,-1
nlpI,3306062,3306946,-1
nmpC,574981,576048,-1
nohA-ydfN-tfaQ,1632334,1634391,-1
nohB,580057,580602,1
norR,2828797,2830311,-1
norVW,2830498,2833067,1
nrdAB-yfaE,2342887,2346790,1
nrdDG,4457923,4460683,-1
nrdHIEF,2798745,2802483,1
nrdR-ribDE-nusB-thiL-pgpA,432226,436331,1
nrfABCDEFG,4285787,4292162,1
nsrR-rnr-rlmB-yjfIJ,4404213,4409274,1
nudB-yebC-ruvC,1944879,1946656,-1
nudC-hemE-nfi,4194926,4197484,1
nudE,3523611,3524171,-1
nudF-yqiB-cpdA-yqiA-parE,3171526,3175932,-1
nudG,1839514,1839921,1
nudI,2362576,2363001,1
nudK,2580925,2581500,-1
nuoABCEFGHIJKLMN,2388070,2403094,-1
nupC,2511064,2512266,1
nupX,2250917,2252167,-1
ogrK,2165326,2165544,-1
ohsC,2698542,2698618,1
ompA,1018236,1019276,-1
ompC,2309668,2310771,-1
ompF,985117,986205,-1
ompG,1379971,1380876,1
ompL,4061626,4062318,-1
ompR-envZ,3532538,3534606,-1
ompW,1312044,1312682,1
ompX,849673,850188,1
omrA,2974124,2974211,-1
omrB,2974326,2974407,-1
opgB,4595173,4597464,-1
opgC,1107007,1108164,-1
opgD,1494880,1496535,1
opgE,850237,851820,-1
opgGH,1108558,1112629,1
oppABCDF,1299206,1304792,1
orn,4389627,4390172,1
osmB,1341134,1341352,-1
osmC,1554649,1555080,1
osmE,1819942,1820280,-1
osmF-yehYXW,2213767,2217503,-1
osmY,4609419,4610024,1
otsBA,1978212,1980411,-1
oxyR,4156513,4157430,1
oxyS,4156308,4156417,-1
paaABCDEFGHIJK,1451951,1461462,1
paaXY,1461563,1463085,1
paaZ,1449621,1451666,-1
pabB-nudL,1892829,1894772,1
pabC-yceG-tmk-holB-ycfH,1152523,1156797,1
pagP,655780,656340,1
panBC,147944,149601,-1
panD,146314,146694,-1
panE-yajL,442275,443739,-1
panZ,3596007,3596390,1
paoABCD,296994,301797,-1
parC,3161737,3163995,-1
patA,3217516,3218895,1
pbl,2992063,2992437,1
pbpG,2221960,2222892,-1
pck,3530840,3532462,1
pcnB-folK,157253,159126,-1
pdhR-aceEF-lpd,122092,129336,1
pdxB-usg-truA-dedA,2432104,2435873,-1
pdxH-tyrS-pdxY,1713050,1716031,-1
pdxK,2534408,2535259,-1
pepA,4482463,4483974,-1
pepB,2653097,2654380,-1
pepD,254259,255716,-1
pepE,4227476,4228165,-1
pepN,989845,992457,1
pepQ-yigZ-trkH-hemG,4029184,4033176,1
pepT,1185067,1186293,1
perR,268513,269406,-1
pfkA,4105575,4106537,1
pfkB,1804394,1805323,1
pflA,949563,950303,-1
pflDC,4142018,4145159,1
pgaABCD,1085329,1091512,-1
pgi,4231781,4233430,1
pgl,797809,798804,1
pgpB,1337354,1338118,1
pgpC-tadA,2695376,2696572,-1
pgrR,1390015,1390914,1
pgsA,1990293,1990841,-1
pheLA,2735621,2736927,1
pheP,601182,602558,1
pheU,4360574,4360649,-1
pheV,3108388,3108463,1
phnCDE_1E_2FGHIJKLMNOP,4312367,4323188,-1
phoA-psiF,400971,402825,1
phoBR,416366,418408,1
phoE,258269,259324,-1
phoH,1084215,1085279,1
phoPQ,1187539,1189670,-1
pinE,1208908,1209462,1
pinH,2781087,2781230,-1
pinQ,1631646,1632236,1
pinR,1431108,1431698,-1
pitA,3635665,3637164,1
pitB,3132894,3134393,-1
plaP,2083728,2085086,-1
pldA,4002885,4003754,1
pldB-yigL,4007193,4009023,1
pliG,1226294,1226695,-1
plsB,4252066,4254489,-1
plsC,3160766,3161503,-1
pmbA,4455982,4457334,1
pmrD,2371294,2371560,-1
pncB,988377,989579,-1
pncC,2821871,2822368,-1
pntAB,1672996,1675927,-1
polA,4044989,4047775,1
polB,63429,65780,-1
potABCD,1181006,1184817,-1
potFGHI,893007,897152,1
poxB-ltaE-ybjT,906075,910272,-1
ppa,4447145,4447675,-1
ppc,4148470,4151121,-1
ppdAB-ygdB-ppdC-recC,2957082,2962199,-1
ppdD-hofBC,114522,117549,-1
pphA,1920337,1920993,-1
pphB,2857782,2858438,1
ppiA,3489747,3490319,-1
ppiB-lpxH,552441,553660,-1
ppiC,3957555,3957836,-1
ppiD,461139,463010,1
ppk-ppx,2621066,2624678,1
pppA,3111565,3112374,-1
ppsA,1782758,1785136,-1
ppsR,1785469,1786302,1
pptA,1531076,1531309,1
pqiAB,1011224,1014122,1
pqqL,1570431,1573226,-1
preTA,2232055,2234522,1
prfC,4607437,4609026,1
priA,4122635,4124833,-1
priC-ybaM,489334,490036,-1
prkB,3482512,3483381,1
prlC-rsmJ,3640403,3643205,-1
prlF-yhaV,3275024,3275823,1
prmB-aroC-mepA-yfcA-epmC-yfcL,2441913,2446462,-1
proBA,259612,261980,1
proC,404059,404868,-1
proK,3706639,3706715,-1
proL,2284233,2284309,1
proP,4328525,4330027,1
proQ-prc,1910792,1913558,-1
proS,217057,218775,-1
proVWX,2802837,2806146,1
prpBCDE,347906,353816,1
prpR,346081,347667,-1
psd-mscM,4384070,4388383,-1
psiE,4238348,4238758,1
pspABCDE,1366103,1368027,1
pspF,1364959,1365936,-1
pspG,4260863,4261105,1
psrO,3309247,3309420,1
pssA,2720749,2722104,1
pstSCAB-phoU,3904876,3909548,-1
psuKG,2255451,2257318,-1
psuT,2254107,2255357,-1
pth-ychF,1255944,1257736,-1
ptrA-recBD,2948657,2956906,-1
ptrB,1924803,1926863,-1
ptsA-fsaB-gldA,4135955,4140244,-1
ptsG,1157092,1158525,1
ptsHI-crr,2531786,2534365,1
purA,4402710,4404008,1
purC,2594927,2595640,-1
purEK,550750,552323,-1
purHD,4202665,4205555,-1
purL,2689678,2693565,-1
purMN,2619219,2620894,1
purR,1735868,1736893,1
purT,1928905,1930083,1
purU,1287005,1287847,-1
putA,1074143,1078105,-1
putP,1078528,1080036,1
puuAP,1355826,1358932,-1
puuDRCBE,1359144,1364839,1
pykA,1935673,1937115,1
pykF,1753722,1755134,1
pyrC,1120784,1121830,-1
pyrD,1003991,1005001,1
pyrG-eno,2904665,2907688,-1
pyrH,191855,192580,1
pyrLBI,4469009,4470556,-1
qmcA-ybbJ,513625,514997,-1
qor,4261271,4262254,-1
qseBC,3167850,3169855,1
queA,424235,425305,1
queC,464076,464771,-1
queD,2890236,2890601,1
queE,2902769,2903440,-1
queF,2923370,2924218,1
queG,4390951,4392090,-1
racC,1415512,1415787,-1
racR,1417789,1418265,-1
raiA,2735176,2735517,1
ralA,1411580,1411758,1
rarD,4001311,4002201,-1
ratAB,2752030,2752786,-1
ravA-viaA,3926175,3929116,-1
rayT,247637,248134,1
rbn,2379630,2380547,1
rbsDACBKR,3931374,3937242,1
rcdA,886646,887182,1
rclABC,316950,319225,-1
rclR,319451,320305,1
rcnAB,2183939,2185320,1
rcnR,2183546,2183818,-1
rcsA,2021992,2022615,1
rcsC,2315049,2317850,-1
rcsDB,2311510,2314849,1
rcsF-trmO,218887,219995,-1
rdgC,408332,409243,-1
rdlA,1268546,1268612,1
rdlB,1269081,1269146,1
rdlC,1269616,1269683,1
rdlD,3698159,3698222,1
rdoA-dsbA,4040438,4042067,1
recAX,2820161,2821791,-1
recET-ralR-ydaCQ-intR,1410024,1415410,-1
recN,2749817,2751478,1
recQ,4003887,4005716,1
relA-mazEFG,2907916,2911673,-1
relBE-hokD,1643143,1643896,-1
rem,1642675,1642926,-1
renD-emrE,567285,567870,1
rep,3958700,3960721,1
rfaD-waaFCL,3792010,3796230,1
rfaE,3193342,3194775,-1
rfaH,4022356,4022844,-1
rfbBDACX,2106361,2111085,-1
rfe-wzzE-rffEDGHCA-wzxE-rffT-wzyE-rffM,3965939,3978719,1
rhaBAD,4091471,4095471,-1
rhaM,4091147,4091461,-1
rhaSR,4095759,4097517,1
rhaT,4097514,4098548,-1
rhlB,3962388,3963653,-1
rhlE,830095,831459,1
rhoL-rho,3964254,3965699,1
rhsA-yibA,3760206,3765202,1
rhsB,3617215,3621450,1
rhsC-ybfB,728806,733325,1
rhsD-ybbC-ylbH-ybbD,522485,528124,1
rhsE-ydcD,1525914,1528428,1
rhtA,848433,849320,-1
rhtB,4006462,4007082,-1
rhtC,4005780,4006400,1
ribA,1336594,1337184,-1
ribC,1740625,1741266,-1
ribF-ileS-lspA-fkpB-ispH,21407,27227,1
ridA,4468550,4468936,-1
rihA,682700,683635,-1
rihB,2252267,2253208,-1
rihC,27293,28207,1
rimJ,1124785,1125369,1
rimL,1496962,1497501,1
rimO,875933,877258,-1
rlmA,1904275,1905084,-1
rlmD,2911721,2913022,-1
rlmE-ftsH,3323023,3325686,-1
rlmF,841555,842481,1
rlmG,3232761,3233897,-1
rlmI,1028002,1029192,-1
rlmJ,3643408,3644250,1
rlmL-uup,1007067,1011094,1
rlmM,2938165,2939265,-1
rlmN,2641151,2642305,-1
rluB,1324876,1325751,1
rluC,1144163,1145122,1
rluD-yfiH,2732325,2734033,-1
rluE-nudJ,1193050,1194174,-1
rluF,4228377,4229249,1
rmf,1014938,1015105,1
rmuC,4015356,4016783,1
rna,643420,644226,-1
rnb,1345002,1346936,-1
rnc-era-recO-pdxJ-acpS,2698640,2702085,-1
rnd,1884888,1886015,-1
rne,1140405,1143590,-1
rnhA,235535,236002,-1
rnk,642780,643190,-1
rnlAB,2763940,2765377,1
rnt-lhr,1726371,1731727,1
rob,4632464,4633333,-1
rodZ,2639853,2640866,-1
roxA,1186342,1187463,-1
rph-pyrE,3813150,3814572,-1
rpiA,3056688,3057347,-1
rpiB,4311373,4311822,1
rpiR-alsBACE,4305806,4311014,-1
rplKAJL-rpoBC,4176470,4187596,1
rplM-rpsI,3375837,3376673,-1
rplNXE-rpsNH-rplFR-rpsE-rpmD-rplO-secY-rpmJ,3440640,3446171,-1
rplU-rpmA,3330884,3331473,-1
rplY,2280539,2280823,1
rpmE,4125036,4125248,1
rpmH-rnpA,3882359,3882875,1
rpoE-rseABC,2705344,2708034,-1
rpoH,3597952,3598806,-1
rpoZ-spoT-trmH-recG,3820129,3825314,1
rppH-ptsP,2964210,2966999,-1
rprA,1768396,1768500,1
rpsF-priB-rpsR-rplI,4423141,4424580,1
rpsJ-rplCDWB-rpsS-rplV-rpsC-rplP-rpmC-rpsQ,3446336,3451292,-1
rpsLG-fusA-tufA,3468167,3472574,-1
rpsMKD-rpoA-rplQ,3437638,3440493,-1
rpsP-rimM-trmD-rplS,2742205,2744207,-1
rpsT,20815,21078,-1
rpsU-dnaG-rpoD,3208803,3212910,1
rraB,4476496,4476912,1
rrsA-ileT-alaT-rrlA-rrfA,4033554,4038659,1
rrsB-gltT-rrlB-rrfB,4164682,4169779,1
rrsC-gltU-rrlC-rrfC,3939831,3944842,1
rrsD-ileU-alaU-rrlD-rrfD-thrV-rrfF,3421445,3426784,-1
rrsE-gltV-rrlE-rrfE,4206170,4211182,1
rrsG-gltW-rrlG-rrfG,2724091,2729179,-1
rrsH-ileV-alaV-rrlH-rrfH,223771,228875,1
rsd,4194355,4194831,-1
rseP,196546,197898,1
rseX,2031673,2031763,1
rsfS-rlmH-mrdAB-rlpA,663325,668259,-1
rsgA,4388480,4389532,-1
rsmB,3433229,3434518,1
rsmC,4604692,4605723,-1
rsmD-yhhL,3602416,3603271,1
rsmE-gshB,3089156,3090850,1
rsmF,1918247,1919686,1
rsmI,3290497,3291357,-1
rspAB,1650920,1653165,-1
rssAB,1288429,1290478,1
rstAB,1680174,1682207,1
rsuA,2277810,2278505,-1
rtcBA,3553855,3556101,-1
rtcR,3556290,3557888,1
rtn,2268748,2270304,1
rttR,1286289,1286459,-1
rutABCDEFG,1067734,1073234,-1
rutR,1073465,1074103,1
ruvAB,1942370,1944000,-1
rybA-mntS,851948,852287,-1
rybB,887200,887280,-1
rydB,1762737,1762804,-1
rydC,1489467,1489530,-1
ryeA,1921090,1921338,1
ryfA,2651877,2652180,1
ryfD,2732175,2732317,-1
ryhB,3578950,3579039,-1
ryjA,4275950,4276089,-1
ryjB,4526000,4526089,1
rzoD,577550,577732,1
rzoR,1421424,1421609,1
sad,1611339,1612727,-1
safA-ydeO,1580950,1581983,-1
sanA-yeiS,2230900,2231861,1
sapABCDF,1349852,1355134,-1
satP,9928,10494,-1
sbcB,2080780,2082207,1
sbcDC,411831,416176,-1
sbmA-yaiW,395863,398190,1
sbmC,2078813,2079286,-1
sbp,4106857,4107846,1
scpA-argK-scpBC,3058872,3064302,1
sdaA,1894956,1896320,1
sdaCB,2926251,2928965,1
sdhCDAB-sucABCD,754400,764272,1
sdhE-cptA,3038438,3039092,-1
sdiA,1994134,1994856,-1
sdsR,1921128,1921231,-1
secB-gpsA,3780665,3782151,-1
secE-nusG,4175381,4176311,1
secG-leuU,3320094,3320527,-1
secMA-mutT,107705,111433,1
selAB,3756040,3759272,-1
selC,3834245,3834339,1
seqA-pgm,712210,714421,1
serA,3055200,3056432,-1
serB-radA-nadR,4622918,4626570,1
serC-aroA,956876,959318,1
serS,938651,939943,1
serT,1030848,1030935,-1
serU,2041492,2041581,-1
serV-argVYZQ,2815806,2816667,-1
serW,925107,925194,-1
serX,1096788,1096875,-1
setB,2261885,2263066,1
setC,3834976,3836160,1
sfmA,557435,557977,1
sfmCD,558197,561523,1
sfmHF,561565,563068,1
sfsA-dksA-gluQ,159186,161486,-1
sfsB,3332931,3333209,1
sgcXBCQAER,4524129,4529674,-1
sgrR-sroA-tbpA-thiPQ,72229,77299,-1
sgrST-setA,77367,78799,1
shiA,2051667,2052983,1
shoB,2698139,2698219,-1
sibA,2151335,2151478,1
sibB,2151670,2151805,1
sibC,3054873,3055013,1
sibD,3192743,3192887,-1
sibE,3193119,3193262,-1
sieB,1416695,1417183,1
sixA,2454349,2454834,-1
slp-dctR,3651984,3653236,1
slrA,1956465,1956544,-1
slt,4628756,4630693,1
slyA,1718414,1718848,-1
slyB,1717900,1718367,1
slyD,3475929,3476519,-1
slyX,3475662,3475880,1
smf,3430458,3431582,-1
smg,3430013,3430486,-1
smpB,2752918,2753400,1
smrA,1404003,1404566,1
smrB,2446628,2447179,1
smtA-mukFEB,972760,980009,1
sodA,4098833,4099453,1
sodB,1733402,1733983,1
sodC,1722158,1722679,-1
sohB,1327356,1328405,1
sokB,1490143,1490198,1
sokC,16952,17006,1
solA-yceO,1118530,1119809,-1
soxR,4275492,4275956,1
soxS,4275083,4275406,-1
speAB,3080899,3083933,-1
speC,3105042,3107177,-1
speF-potE,716169,719683,-1
spf,4047922,4048030,1
sppA,1846861,1848717,1
spy,1823164,1823649,-1
sraA,457952,458008,-1
sraB,1145812,1145980,1
srlAEBD-gutM-srlR-gutQ,2823854,2828800,1
srmB,2710918,2712252,1
sroG-ribB,3181835,3182740,-1
sroH,4188350,4188510,-1
ssb,4272148,4272684,1
sseA,2650516,2651361,1
sseB,2652179,2652955,-1
sspAB,3374301,3375442,-1
ssrA,2753615,2753977,1
ssrS-fau,3054005,3054811,1
sstT,3237966,3239210,1
ssuEADCB,992500,996735,-1
stfE-tfaE,1207740,1208878,-1
sthA,4157413,4158813,-1
stpA,2796113,2796517,-1
sufABCDSE,1756898,1762410,-1
sugE,4374898,4375215,1
suhB,2661464,2662267,1
sulA,1019633,1020142,-1
sxy,1020361,1020990,1
syd,2922757,2923302,-1
symE,4577522,4577863,-1
symR,4577858,4577934,1
tabA,4472885,4473337,1
tag-yiaC,3711115,3712115,1
talA-tktB,2576688,2579661,1
talB,8238,9191,1
tamAB-ytfP,4440405,4446258,1
tar-tap-cheRBYZ,1964417,1970715,-1
tas,2969619,2970659,1
tatABCD,4019968,4022359,1
tatE,658170,658373,1
tauABCD,384456,387870,1
tcdA,2943058,2943864,-1
tdcABCDEFG,3256307,3265087,-1
tdcR,3265402,3265620,1
tdk,1292750,1293367,1
tehAB,1498597,1500179,1
tesA-ybbO,517564,518989,-1
tesB,473525,474385,-1
tfaD,580757,581320,1
tfaS,2468825,2469127,1
tfaX,582098,582283,1
tff-rpsB-tsf,189712,191708,1
tgt-yajC-secDF,425361,429700,1
thiCEFSGH,4188758,4194122,-1
thiI,440773,442221,1
thiMD,2181738,2183323,-1
thrLABC,190,5020,1
thrS-infC-rpmI-rplT-pheMST-ihfA,1793277,1800594,-1
thrU-tyrU-glyT-thrT-tufB,4173411,4175151,1
thrW,262095,262170,1
tig,454357,455655,1
tilS,212331,213629,1
tisB,3851576,3851665,1
tktA,3077666,3079657,-1
tldD,3388605,3390050,-1
tnaCAB,3886458,3889506,1
tolB-pal-ybgF,776963,779612,1
tolC-ygiABC,3176137,3179603,1
tomB-hha,479314,479932,-1
tonB,1309113,1309832,1
topA,1329072,1331669,1
torCAD,1057307,1061621,1
torI,2474332,2474532,1
torR,1056485,1057177,-1
torS,1052657,1055401,-1
torT,1055484,1056512,1
torYZ,1952602,1956156,-1
tp2,122697,122857,-1
tpiA,4108763,4109530,-1
tpke70,2494216,2494651,-1
tpx,1386329,1386835,-1
tqsA,1671937,1672971,1
treA,1244902,1246599,-1
treBC,4461077,4464203,-1
treF,3667615,3669264,1
treR,4464322,4465269,-1
trg,1490494,1492134,1
trkA,3434540,3435916,1
trkG,1421806,1423263,1
trmA,4160193,4161293,-1
trmI-yggL,3099829,3100874,-1
trmJ,2660605,2661345,-1
trmL,3779238,3779711,1
trpLEDCBA,1314440,1321106,-1
trpR,4630783,4631109,1
trpT,3944980,3945055,1
truD,2868277,2869326,-1
trxA,3963784,3964113,1
trxB,930308,931273,-1
trxC,2716757,2717176,1
tsaB-yeaY,1887975,1889291,-1
tsaD,3207552,3208565,-1
tsgA,3490590,3491771,1
tsr,4589680,4591335,1
tsx,430353,431237,-1
ttcA,1409037,1409972,-1
ttdABT,3204485,3207509,1
ttdR,3203346,3204278,-1
tus,1682283,1683212,1
tusA,3606774,3607019,-1
tusE,1029562,1029891,-1
tynA,1447100,1449373,-1
typA,4056430,4058253,1
tyrB,4265137,4266330,1
tyrP,1987705,1988916,1
tyrTV-tpr,1286310,1286845,-1
uacT,3029389,3030837,1
ubiCA,4250529,4251911,1
ubiD,4023011,4024504,1
ubiEJB,4016878,4019889,1
ubiF,694324,695499,1
ubiG,2337589,2338311,1
ucpA,2541854,2542645,-1
udk-dcd,2139658,2140972,-1
udp,4014454,4015215,1
ugd,2096471,2097637,-1
ugpBAECQ,3585393,3590348,-1
uhpT,3843799,3845190,-1
uidABC,1689610,1694095,-1
uidR,1694486,1695076,-1
ulaABCDEF,4418003,4422409,1
ulaG,4416584,4417648,-1
ulaR,4415721,4416476,-1
umpG-pcm,2866915,2868296,-1
umuDC,1229990,1231677,1
ung,2714776,2715465,1
upp-uraA,2616893,2618894,-1
ushA,504138,505790,1
uspA,3638134,3638568,1
uspB,3637408,3637743,-1
uspC,1977777,1978205,1
uspE,1395696,1396646,-1
uspF,1433209,1433643,-1
uspG,640662,641090,-1
uvrA,4269072,4271894,-1
uvrB,812749,814770,1
uvrD,3996006,3998168,1
uvrYC,1990898,1993383,-1
uxaB,1607253,1608704,-1
uxaCA,3239849,3242763,-1
uxuAB,4549659,4552384,1
uxuR,4552599,4553372,1
valUXY-lysV,2518953,2519350,1
valVW,1744459,1744616,1
valZ-lysY,780291,780445,1
ves,1822386,1822961,-1
waaA-coaD,3806563,3808327,1
waaH,3787070,3788104,-1
waaQGPSBOJYZU,3796262,3806121,-1
wbbIJK,2101415,2104081,-1
wbbL_2,2099420,2099701,-1
wcaCDEF-gmd-fcl-gmm-wcaI-cpsBG-wcaJ-wzxC,2116704,2130094,-1
wcaKLM,2112526,2116428,-1
wecH,3723910,3724905,1
wrbA-yccJ,1066087,1066931,-1
wza-wzb-wzc-wcaAB,2130091,2135267,-1
wzzB,2095345,2096325,-1
xanP,3826968,3828359,1
xanQ-guaD-ghxQ,3022373,3026510,1
xapAB,2520751,2522900,-1
xapR,2519615,2520499,-1
xdhABC,2998367,3001990,1
xerD-dsbC-recJ-prfB-lysS,3031679,3037765,-1
xseA,2632254,2633624,1
xseB-ispA-dxs-yajO,436385,440567,-1
xthA,1830452,1831258,1
xylAB,3725940,3728788,-1
xylE,4238802,4240277,-1
xylFGHR,3729154,3734180,1
yaaA,5683,6459,-1
yaaI,11382,11786,-1
yaaJ,6529,7959,-1
yaaU,45807,47138,1
yaaW,10643,11356,-1
yaaX,5234,5530,1
yabI,71351,72115,1
yabPQ,58474,59279,1
yacC-speED,134788,136917,-1
yacH,129407,131260,-1
yacL,134388,134750,1
yadD,146968,147870,1
yadE,145081,146310,1
yadGH,142779,144472,1
yadI,144577,145017,1
yadMLKC,149715,152812,-1
yadN,156299,156883,-1
yadV-htrE,152829,156201,-1
yaeF,216179,217003,-1
yaeH,183709,184095,-1
yaeI,184257,185069,-1
yaeP-rof,213678,214125,-1
yaeQ-arfB-nlpE,214291,215979,1
yaeR,211877,212266,1
yafC,229967,230881,-1
yafDE,231122,232549,1
yafF,239190,239378,1
yafJ,244327,245094,1
yafK,245065,245805,-1
yafL,246712,247461,1
yafS,234816,235538,1
yafT,237335,238120,1
yafU,238746,239084,-1
yafV,239419,240189,-1
yafY-ykfBF-yafX-ykfGH-yafW-ykfI,262552,265777,-1
yagAB-ykgN,279248,281207,-1
yagEF,281502,284392,1
yagGH,284619,287623,1
yagI,287628,288386,-1
yagJ,290724,291455,1
yagK,291546,292172,-1
yagML,292444,294023,-1
yagN,294363,294803,-1
yagP,296605,297015,-1
yagU,302215,302829,1
yahA,331595,332683,1
yahB,332725,333657,-1
yahC,333749,334246,-1
yahDEFG,334504,338967,1
yahH,339017,339313,1
yahIJ,339389,341731,1
yahK,342108,343157,1
yahL,343400,344215,1
yahM,344628,344873,1
yahN,344890,345561,-1
yahO,345708,345983,1
yaiE,407401,407685,1
yaiF,381728,382114,-1
yaiI,404988,405446,1
yaiL,375996,376535,1
yaiP,381963,383159,-1
yaiS,383283,383840,-1
yaiT,389475,390935,1
yaiU,392239,393642,1
yaiV,393685,394353,1
yaiXO,379293,380283,-1
yaiY,398249,398557,-1
yaiZ,398817,399029,1
yajD,429829,430176,1
yajG,452813,453391,-1
yajI,431536,432075,-1
yajQ,443907,444398,1
yajR,444526,445890,-1
ybaA,475896,476249,1
ybaB-recR,493300,494234,1
ybaE,464836,466536,-1
ybaK,505827,506306,-1
ybaL,500786,502462,-1
ybaN,490106,490483,1
ybaO,467607,468065,1
ybaP,506510,507304,-1
ybaQ,507442,507783,1
ybaST,510865,513092,1
ybaV,463161,463532,1
ybaY,474603,475175,1
ybbAP,518957,522054,1
ybbB,529356,530450,-1
ybbN,516649,517503,-1
ybcC,565321,565584,-1
ybcD,565674,565910,1
ybcH,586314,587204,-1
ybcI,555255,555776,-1
ybcK,568125,569651,1
ybcLM,570116,571474,1
ybcN-ninE-ybcO-rusA-ylcG,571689,573093,1
ybcQ,573179,573562,1
ybcV,578407,578817,-1
ybcW,579103,579309,1
ybcY,581375,581959,-1
ybdD,631405,631602,1
ybdF,604741,605109,-1
ybdG,602639,603886,-1
ybdH,631612,632700,-1
ybdJ,605174,605422,-1
ybdK,605488,606606,-1
ybdL,632809,633969,1
ybdM,633970,634599,-1
ybdN,634572,635792,-1
ybdO,635939,636841,-1
ybdR,641311,642549,1
ybeD-lipB,660860,661865,-1
ybeF,659648,660601,-1
ybeL,674241,674723,1
ybeM_1M_2,657254,658041,1
ybeQ,674793,675770,-1
ybeR-djlB,675934,678065,1
ybeT,678075,678629,-1
ybeU-djlC,678731,680886,1
ybeZYX-lnt,688566,692640,-1
ybfA,728357,728563,1
ybfD,737315,738076,1
ybfE,710828,711121,-1
ybfF,711261,712025,-1
ybfHG,715170,715820,-1
ybfL,736123,737184,1
ybfOC,733443,735442,1
ybfP,714635,715129,1
ybfQ,735668,735922,1
ybgA-phr,738224,740148,1
ybgC-tolQRA,773975,776830,1
ybgD,751452,752018,-1
ybgIJKL-nei,742050,745949,1
ybgQPO,747144,751392,-1
ybgS,784160,784540,-1
ybhA,796836,797654,-1
ybhB,806656,807132,-1
ybhC,805221,806504,-1
ybhD,798845,799861,-1
ybhH,799982,801034,1
ybhI,801110,802543,1
ybhJ,802726,804987,1
ybhK,814962,815870,-1
ybhL,819107,819811,1
ybhM,820016,820729,1
ybhP-clsB-ybhN,820765,823720,-1
ybhQ,823853,824263,1
ybiA,831691,832173,-1
ybiB,834471,835433,1
ybiC,835574,836659,1
ybiH-ybhGFSR,824225,829866,-1
ybiI,837413,837679,-1
ybiJ,836888,837148,-1
ybiO,842478,844703,-1
ybiS,854047,854967,-1
ybiT,855186,856778,1
ybiU,857019,858284,-1
ybiV,858436,859251,-1
ybiX,837753,838430,-1
ybiYW,859397,862761,-1
ybjC-nfsA-rimK-ybjN,890136,892656,1
ybjD,915696,917354,1
ybjE,913181,914080,-1
ybjG,882015,882611,-1
ybjH,884169,884453,-1
ybjJI,884539,886562,-1
ybjL,887357,889042,-1
ybjM,889312,889689,1
ybjO-rlmC,897212,898868,1
ybjP,903175,903690,-1
ybjQ-amiD,903816,904966,1
ybjS,904963,905976,-1
ybjX,917351,918307,-1
ycaC,944154,944780,-1
ycaD,945094,946242,1
ycaI-msbA-lpxK-ycaQ,963543,969844,1
ycaK,948891,949481,1
ycaL,959487,960251,1
ycaM,946452,947882,1
ycaN,947883,948791,-1
ycaO,954095,955855,-1
ycaP,955985,956677,1
ycaR-kdsB,969896,970821,1
ycbB,980270,982117,1
ycbJ,970975,971868,1
ycbKL,982298,983520,1
ycbX,1005714,1006823,-1
ycbZ,1015762,1017522,-1
yccA,1029982,1030641,-1
yccE,1063259,1064515,1
yccFS,1020953,1023571,-1
yccM,1051512,1052585,-1
yccT,1026334,1026996,-1
yccU,1027169,1027582,1
yccX,1029287,1029565,1
ycdT,1092099,1093457,1
ycdXY,1098102,1099417,1
ycdZ,1099519,1100010,1
yceA,1116030,1117082,1
yceB,1121936,1122496,-1
yceD-rpmF-plsX-fabHDG-acpP-fabF,1146017,1152403,1
yceF,1145234,1145818,-1
yceH,1125380,1126027,1
yceJI,1117124,1118269,-1
yceK,1112802,1113029,1
yceM,1126029,1126952,1
yceQ,1143725,1144045,1
ycfJ,1166822,1167361,1
ycfS,1168635,1169597,-1
ycfT,1173315,1174388,-1
ycgB,1234932,1236464,-1
ycgG,1216551,1218074,1
ycgH_1,1220024,1220344,1
ycgH_2,1220429,1221445,1
ycgJ,1225823,1226191,1
ycgL,1226904,1227230,1
ycgM,1227302,1227961,1
ycgN,1228053,1228499,1
ycgR,1243016,1243750,-1
ycgV,1252308,1255175,-1
ycgX,1211926,1212330,-1
ycgY,1244383,1244823,1
ycgZ-ymgA-ariR-ymgC,1215012,1216219,1
ychE,1297821,1298468,1
ychE_2-yhcF,3364703,3365664,1
ychG_1G_2,1293649,1294421,-1
ychH,1258014,1258292,1
ychJ,1287897,1288355,-1
ychN,1272469,1272822,-1
ychO,1273148,1274401,1
ychQA-kdsA,1266147,1268242,1
ychS,1285932,1286207,1
yciA,1309872,1310270,-1
yciCB,1310375,1311687,-1
yciGFE,1312742,1314059,-1
yciI,1308593,1308889,-1
yciK-btuR,1325791,1327136,-1
yciN,1328441,1328692,-1
yciVOQ,1321244,1324665,1
yciW,1347004,1348131,-1
yciY,1306812,1306985,1
yciZT,1341621,1342633,-1
ycjD,1349431,1349784,-1
ycjG,1386954,1387919,1
ycjMNOPQRSTUV-ymjB,1368240,1379926,1
ycjW,1380987,1381985,-1
ycjXF-tyrR,1382141,1386285,1
ycjY-ymjDC-mpaA,1387894,1389889,-1
ydaGF,1417180,1417480,-1
ydaM,1404587,1405819,-1
ydaN,1406074,1407057,1
ydaSTUVW-rzpR,1418389,1421668,1
ydbA_1,1463416,1465974,1
ydbA_2,1468714,1472037,1
ydbC,1472245,1473105,1
ydbD,1473168,1475474,1
ydbH-ynbE-ydbL,1441075,1444230,1
ydbJ,1439082,1439348,1
ydbK-ompN,1433784,1438808,-1
ydcA,1489701,1489874,1
ydcC,1529840,1530976,1
ydcF,1485259,1486059,1
ydcH,1496675,1496899,1
ydcI,1492172,1493095,-1
ydcJ,1493312,1494655,1
ydcK,1497493,1498473,-1
ydcL,1500481,1501149,1
ydcM,1501681,1502889,1
ydcN,1504196,1504732,1
ydcO,1502929,1504104,-1
ydcP,1504805,1506766,1
ydcR,1508027,1509433,1
ydcSTUV-patD,1509678,1515026,1
ydcX,1515413,1515586,1
ydcY,1515672,1515905,1
yddAB,1573271,1577366,-1
yddE,1532989,1533882,-1
yddG,1544312,1545193,-1
yddH,1531306,1531875,-1
yddLKJ,1542408,1544052,-1
yddM,1550422,1550784,-1
yddW,1565528,1566847,-1
ydeA,1615052,1616242,1
ydeE,1619356,1620543,1
ydeI,1622129,1622521,-1
ydeJ,1622797,1623315,1
ydeK,1592133,1596110,-1
ydeNM,1577657,1580548,-1
ydeP,1582231,1584510,-1
ydeQ,1584844,1585758,-1
ydeTSR,1585817,1588025,-1
ydeU,1590689,1592089,-1
ydfABC,1646532,1647065,1
ydfG,1625541,1626287,1
ydfH,1626376,1627062,1
ydfI,1627477,1628937,-1
ydfJ,1629026,1630309,-1
ydfK,1631096,1631329,1
ydfUT,1640513,1642328,-1
ydfV,1643921,1644226,1
ydfZ,1627239,1627442,1
ydgA,1687876,1689384,1
ydgC,1679719,1680054,-1
ydgD,1669984,1670805,1
ydgH,1676451,1677395,1
ydgI-folM,1677581,1679722,1
ydgJ,1701292,1702332,-1
ydgK-rsxABCDGE-nth,1703274,1710182,1
ydhB,1736890,1737822,-1
ydhC,1737935,1739146,1
ydhF,1722760,1723656,-1
ydhIJK,1719049,1722157,1
ydhL,1723705,1723944,-1
ydhP,1734145,1735314,-1
ydhQ,1742895,1744151,-1
ydhR,1744724,1745029,1
ydhS,1745155,1746759,1
ydhYVWXUT,1746771,1752501,-1
ydhZ,1752956,1753165,-1
ydiE,1787637,1787828,1
ydiFO,1773611,1776371,1
ydiJ-menI-ydiH,1762958,1766709,-1
ydiK,1767098,1768210,1
ydiL,1768639,1768995,1
ydiM,1769095,1770309,1
ydiNB-aroD,1770536,1773468,1
ydiP,1776414,1777325,-1
ydiQRST-fadK,1777641,1782701,1
ydiU,1787832,1789268,-1
ydiV,1789331,1790044,-1
ydiY,1803349,1804107,-1
ydiZ,1805424,1805714,1
ydjA-selD-topB,1843023,1846700,-1
ydjE,1850645,1852003,-1
ydjF,1852120,1852878,-1
ydjLKJIHG,1853015,1859356,-1
ydjM,1808235,1808825,1
ydjN,1808958,1810349,1
ydjO,1810353,1811168,-1
ydjXYZ-ynjABCD,1831425,1837424,1
yeaC,1859726,1859998,-1
yeaE,1862806,1863660,-1
yeaGH,1864932,1868262,1
yeaI,1868409,1869884,1
yeaJ,1870065,1871555,1
yeaK,1871598,1872101,1
yeaL,1872376,1872822,1
yeaM,1872779,1873600,-1
yeaN,1873697,1874878,1
yeaO,1874933,1875280,1
yeaP,1875739,1876764,1
yeaQ,1877031,1877279,-1
yeaR-yoaG,1877427,1877972,-1
yeaVW,1881212,1883813,1
yeaX,1883869,1884834,1
yebB,1944275,1944877,1
yebE,1927072,1927731,-1
yebF,1928058,1928414,-1
yebG,1928481,1928771,-1
yebK,1934676,1935545,1
yebO,1906285,1906572,-1
yebQ,1908300,1909673,1
yebST,1914282,1918167,1
yebV,1919804,1920040,1
yebW,1920145,1920336,1
yecA,1988978,1989643,-1
yecDE,1948856,1950237,1
yecF,1993842,1994066,1
yecH,1987275,1987514,-1
yecJ,1985531,1985782,-1
yecM,1957304,1957870,-1
yecN-cmoAB,1950290,1952437,1
yecR,1986246,1986569,1
yecT,1959996,1960484,1
yedA,2027563,2028483,1
yedD,2005701,2006114,-1
yedEF,2006301,2007736,1
yedI,2026473,2027390,-1
yedK,2007845,2008513,1
yedL,2008624,2009103,1
yedM,2010025,2010375,-1
yedN_1N_2,2009372,2009893,-1
yedP,2023535,2024350,1
yedQ,2024347,2026041,-1
yedRJ,2030408,2031508,-1
yedS_1S_2,2032075,2032779,1
yedS_3,2032863,2033267,1
yedWV,2034818,2036847,-1
yedX,2036980,2037393,1
yedYZ,2037502,2039142,1
yeeA,2077557,2078615,-1
yeeED,2082250,2083549,-1
yeeJ,2042935,2050038,1
yeeL_1L_2,2050300,2051352,-1
yeeN,2054882,2055598,1
yeeO,2056227,2057870,-1
yeeP,2068810,2069235,1
yeeRST-cbeA-cbtA-yeeW,2072803,2076158,1
yeeX,2077056,2077385,-1
yeeY,2085353,2086282,-1
yeeZ,2086328,2087152,-1
yefM-yoeB,2087235,2087737,-1
yegD,2145698,2147050,1
yegE,2141290,2144607,1
yegH,2135926,2137509,1
yegI,2147063,2149009,-1
yegJ,2149209,2149670,1
yegLK,2149735,2151152,-1
yegP,2163213,2163545,1
yegQ,2163692,2165053,1
yegRZ,2165626,2166330,-1
yegS,2166736,2167635,1
yegTUV,2176843,2180083,1
yegW,2180057,2180803,-1
yegX,2180855,2181673,-1
yehDCBA,2185402,2190244,-1
yehE,2190537,2190818,-1
yehK,2201994,2202311,1
yehLMPQ,2202618,2208966,1
yehR,2209247,2209708,1
yehS,2209748,2210218,-1
yehUT,2210265,2212666,-1
yeiE,2246759,2247640,-1
yeiG,2241932,2242768,1
yeiH,2247739,2248788,1
yeiI,2249722,2250810,1
yeiL,2253377,2254036,1
yeiP,2263472,2264044,1
yeiQ,2264267,2265733,1
yeiR-lpxT,2265851,2267589,1
yeiW,2263063,2263317,-1
yejABEF,2270386,2275911,1
yejG,2275915,2276259,-1
yejH,2278654,2280414,1
yejK,2280962,2281969,-1
yejLM,2282151,2284158,1
yejO,2284412,2286922,-1
yfaATS_1S_2QP,2325389,2334666,-1
yfaD-ypaA,2354926,2356023,1
yfaH,2347709,2347915,1
yfaL,2338439,2342191,-1
yfaXWVU,2356064,2360233,-1
yfaY,2360453,2361655,-1
yfaZ,2361755,2362297,-1
yfbK,2382017,2383744,-1
yfbL,2383882,2384853,1
yfbM,2384956,2385459,1
yfbN,2385732,2386448,-1
yfbO,2386603,2387079,1
yfbP,2387138,2387986,1
yfbS,2407542,2409374,-1
yfbUT,2409461,2410616,-1
yfbV,2410699,2411154,-1
yfcC,2415103,2416623,1
yfcD,2416656,2417198,-1
yfcE,2417256,2417810,-1
yfcF,2417863,2418507,-1
yfcG,2418643,2419290,1
yfcI,2420671,2421561,-1
yfcJ,2436964,2438142,-1
yfcUTSRQPO,2447250,2453023,-1
yfcV,2453105,2453668,-1
yfcZ,2458672,2458956,-1
yfdC,2463323,2464255,1
yfdF,2461034,2462092,1
yfdGHI,2465877,2468484,1
yfdONMLK,2469099,2471268,-1
yfdPQ,2471542,2472878,1
yfdRST,2473006,2474200,1
yfdX-frc-oxc-yfdVE,2486045,2492424,-1
yfdY,2493072,2493314,-1
yfeA,2513665,2515854,-1
yfeCD,2516489,2517227,1
yfeH,2524968,2525966,1
yfeKS,2535364,2536505,1
yfeN,2523149,2523913,1
yfeO,2507652,2508908,1
yfeR,2523952,2524878,-1
yfeYX,2547668,2549238,-1
yffB-dapE-ypfN,2589269,2590984,1
yffL,2558279,2558920,1
yffMN,2559390,2560015,1
yffOP,2560133,2561139,1
yffQR,2561599,2562394,1
yffS,2562515,2563354,1
yfgF,2624717,2626960,-1
yfgG,2627312,2627503,1
yfgHI,2627814,2628887,1
yfgJ,2633621,2633836,-1
yfgM,2636685,2637305,-1
yfgO,2612842,2613903,-1
yfhG,2686815,2687528,-1
yfhH,2696781,2697629,1
yfhL,2697685,2697945,1
yfhM-pbpC,2643035,2650309,-1
yfhR,2662385,2663266,1
yfiC,2710049,2710786,-1
yfiE,2712461,2713342,-1
yfiF,2715513,2716550,-1
yfiL,2739382,2739747,1
yfiM,2722201,2722473,1
yfiP-pka,2717245,2720635,1
yfiRNB,2739897,2742129,1
yfjD,2746796,2748082,1
yfjH,2755666,2756622,-1
yfjI,2757007,2758416,1
yfjJ,2758569,2759195,1
yfjLK,2759373,2763175,-1
yfjM,2763535,2763798,-1
yfjPQ,2765732,2767508,1
yfjR-ypjK-yfjST,2767725,2769637,1
yfjW,2771340,2773043,1
yfjXY-ypjJ-yfjZ-ypjF,2773941,2775804,1
ygaC,2797672,2798016,-1
ygaM,2798168,2798497,1
ygaQ_1Q_2,2784419,2785456,1
ygaQ_3,2785664,2786260,1
ygaQ_4,2786399,2786671,1
ygaU,2794359,2794808,-1
ygaVP,2795233,2796066,1
ygaXY,2806338,2807515,1
ygaZH,2807639,2808701,1
ygbA,2854475,2854828,-1
ygbE,2871036,2871359,-1
ygbI,2858489,2859286,-1
ygbJK,2859452,2861523,1
ygbLM,2861615,2863034,1
ygbN,2863123,2864487,1
ygcG,2903733,2904605,1
ygcNOP,2890679,2892793,1
ygcRQ,2892941,2894577,-1
ygcS,2894555,2895892,-1
ygcU,2895986,2897440,-1
ygcW,2897510,2898295,-1
ygdD,2939258,2939653,-1
ygdG,2928987,2929832,1
ygdH,2924330,2925694,1
ygdI,2940940,2941167,-1
ygdQ,2968442,2969155,1
ygdR,2969293,2969511,1
ygeF,2988576,2989022,1
ygeG,2989290,2989781,1
ygeH,2990116,2991492,1
ygeI,2991660,2991878,1
ygeLK,2992482,2993114,-1
ygeP,2995711,2996010,-1
ygeQ,2996056,2996850,-1
ygeR,2997158,2997913,-1
ygeV,3002030,3003808,-1
ygeW,3004284,3005474,1
ygeX,3005532,3006728,1
ygeY,3006786,3007997,1
ygfB-pepP-ubiHI,3049137,3053466,-1
ygfF,3043180,3043923,-1
ygfI,3064299,3065195,-1
ygfK-ssnA,3014082,3018511,1
ygfM-xdhD,3018562,3022208,1
ygfTS,3026546,3028953,-1
ygfZ,3039335,3040315,1
yggE,3065362,3066102,-1
yggI,3087777,3088274,1
yggM,3096580,3097587,-1
yggN,3098926,3099645,-1
yggR,3092122,3093102,-1
yggSTU-rdgB-yggW,3093120,3096425,1
yghA,3147684,3148568,1
yghB,3151585,3152244,1
yghED,3108612,3110010,-1
yghF,3110076,3110942,-1
yghG,3111089,3111499,-1
yghJ,3112572,3117134,-1
yghO,3127065,3128237,-1
yghQ,3129363,3130430,-1
yghSR,3130476,3131979,-1
yghT,3132153,3132845,1
yghU,3136749,3137615,1
yghW,3144472,3144759,-1
yghX_2X_1,3144878,3145641,-1
yghZ,3145919,3146959,1
ygiD,3179641,3180456,-1
ygiF-glnE,3194823,3198987,-1
ygiH,3202716,3203333,1
ygiL,3183436,3183987,1
ygiM-cca,3199229,3201151,1
ygiN,3171164,3171478,1
ygiQ,3156949,3159168,-1
ygiS,3164133,3165740,-1
ygiV,3166771,3167253,-1
ygiW,3167306,3167698,-1
ygiZ,3169901,3170233,-1
ygjH,3218937,3219269,-1
ygjI,3224256,3225689,1
ygjJK,3225823,3229261,1
ygjP,3233982,3234485,1
ygjQ,3234562,3235254,1
ygjR,3235315,3236319,1
ygjV,3239215,3239766,-1
yhaBC,3265876,3267624,1
yhaH,3250326,3250691,1
yhaI,3250933,3251289,1
yhaJ,3251340,3252236,-1
yhaKL,3252341,3253229,1
yhaOM,3253363,3255969,-1
yhbE-obgE,3328604,3330757,-1
yhbO,3296996,3297514,1
yhbP,3297494,3297937,-1
yhbQ,3297988,3298290,1
yhbTS,3298277,3299298,-1
yhbUV,3299507,3301389,1
yhbW,3301470,3302477,1
yhbX,3318010,3319635,-1
yhbY,3325812,3326105,1
yhcAD-ychE_1,3360134,3363686,1
yhcB,3378213,3378611,1
yhcC,3351143,3352072,-1
yhcG,3365849,3366976,1
yhcN,3383560,3383823,1
yhcO,3383879,3384151,-1
yhdH,3401506,3402480,1
yhdJ,3409675,3410559,1
yhdN-zntR,3436727,3437531,-1
yhdP,3390480,3394280,-1
yhdT-panF-prmA,3405397,3407973,1
yhdU,3410643,3410822,1
yhdV,3416412,3416633,1
yhdWXYZ,3417171,3421216,1
yheO-tusDCB,3472700,3474462,-1
yheSTU,3479311,3482458,1
yhfA,3483436,3483840,-1
yhfG-fic-pabA,3488288,3489642,-1
yhfK,3484813,3486915,1
yhfL,3497470,3497637,1
yhfXW-php-yhfUTS,3502957,3508998,-1
yhfZY,3509082,3510366,-1
yhgA,3541189,3542067,1
yhgE,3528737,3530461,-1
yhgF,3535407,3537728,1
yhgN,3573094,3573687,1
yhhA,3584966,3585406,1
yhhH,3621422,3621805,1
yhhI,3622401,3623537,1
yhhM,3603274,3603633,-1
yhhN,3603774,3604400,1
yhhQ,3607240,3607905,1
yhhS,3608539,3609756,-1
yhhT,3609888,3610937,1
yhhW,3576973,3577668,-1
yhhX,3577791,3578828,-1
yhhY,3579161,3579649,1
yhhZ-yrhA-insA-6AB-6B-6,3579886,3582203,1
yhiI-rbbA-yhhJ,3623702,3628625,-1
yhiJ,3628991,3630613,-1
yhiK,3630875,3631267,-1
yhiL,3631243,3632481,-1
yhiM,3632864,3633916,1
yhiN,3634231,3635433,-1
yhiS_1,3649314,3650096,1
yhjA,3665814,3667211,-1
yhjB,3669315,3669917,-1
yhjC,3670365,3671336,1
yhjD,3671385,3672398,1
yhjE,3672809,3674131,1
yhjG,3674313,3676388,-1
yhjH,3676443,3677210,-1
yhjJ,3678467,3679963,-1
yhjK,3681653,3683602,-1
yhjR,3694020,3694208,-1
yhjV,3698586,3699857,1
yhjX,3708822,3710030,-1
yhjY,3710259,3710957,-1
yiaA,3724947,3725384,-1
yiaB,3725430,3725771,-1
yiaD,3714570,3715229,1
yiaF,3716357,3717067,-1
yiaG,3717501,3717791,1
yiaJ,3739707,3740555,-1
yiaKLMNO-lyxK-sgbHUE,3740756,3748804,1
yiaT,3749151,3749891,-1
yiaU,3750015,3750989,1
yiaWV,3750986,3752451,-1
yiaY,3754699,3755850,-1
yibF,3759370,3759978,-1
yibG,3766200,3766661,1
yibIH,3768266,3769767,-1
yibJ,3765244,3765945,1
yibL,3774688,3775050,1
yibN,3782607,3783038,-1
yibT,3774194,3774403,-1
yicC,3814699,3815562,1
yicG,3816897,3817514,1
yicH,3828480,3830189,1
yicJI,3830242,3833952,-1
yicL,3836271,3837194,1
yicN,3839973,3840425,-1
yicR-rpmBG-mutM,3808366,3810582,-1
yicS,3838238,3838531,1
yidA,3874163,3874975,-1
yidB,3875090,3875488,-1
yidE,3862635,3864296,-1
yidHGF,3853137,3854330,-1
yidI,3854438,3854887,1
yidKJ,3854934,3858139,-1
yidL,3858276,3859199,1
yidP,3861922,3862638,1
yidQ,3865751,3866083,1
yidR,3866085,3867332,-1
yidX,3873461,3874117,1
yidZ,3890788,3891747,1
yieEF,3891892,3893241,1
yieH,3894797,3895462,1
yieP-hsrA,3937208,3939350,-1
yifB,3946472,3948022,-1
yifE,3946109,3946447,1
yifK,3978910,3980295,1
yifL-dapF-yigA-xerC-yigB,3992545,3995922,1
yifNO,3958035,3958483,-1
yigE,3998315,3999079,-1
yigGF,4000442,4001216,-1
yigI,4002253,4002720,-1
yigM,4009099,4009998,1
yihA,4048156,4048752,-1
yihD,4040092,4040361,1
yihF,4042222,4043652,1
yihG,4043693,4044625,-1
yihI,4049370,4049879,1
yihLM,4058470,4060168,1
yihN,4060270,4061535,1
yihPO,4062386,4065238,-1
yihQ,4065263,4067299,-1
yihR,4067498,4068424,-1
yihUTS,4068538,4071594,-1
yihVW,4071762,4073477,1
yihXY-dtd-yiiD,4073576,4076461,1
yiiE,4077314,4077532,1
yiiF,4077774,4077992,1
yiiG,4085025,4086080,1
yiiM,4100845,4101519,1
yiiQ,4109638,4110237,-1
yiiR,4110338,4110778,1
yiiS-uspD,4110990,4111744,1
yiiX,4125309,4125917,-1
yijE,4134131,4135036,1
yijF,4135063,4135680,-1
yijO,4145489,4146340,-1
yjaA,4211257,4211640,1
yjaB,4211703,4212146,-1
yjaG,4197527,4198117,1
yjaH,4198589,4199284,1
yjaZ,4187809,4188348,1
yjbB,4225754,4227385,1
yjbD,4229382,4229654,-1
yjbEFGH,4233929,4237753,1
yjbI,4248978,4250306,1
yjbJ,4257260,4257469,1
yjbLM,4258344,4259329,1
yjbQR,4268261,4269037,1
yjcB,4272783,4273064,-1
yjcC,4273494,4275080,1
yjcE,4278003,4279652,1
yjcF,4279806,4281098,-1
yjcO,4294459,4295148,-1
yjcS,4302635,4304620,-1
yjdF,4342952,4343581,-1
yjdIJ,4349866,4350380,1
yjdM,4324422,4324757,-1
yjdN,4323321,4323764,-1
yjdP,4311891,4312220,1
yjeF-tsaE-amiB-mutL-miaA-hfq-hflXKC,4392089,4402327,1
yjeH,4367179,4368435,-1
yjeI,4370832,4371185,1
yjeJ,4371388,4372257,-1
yjeM,4381862,4383364,1
yjeNO,4383416,4384041,1
yjeT,4402409,4402606,1
yjeV,4390915,4390968,1
yjfKLMC,4409325,4412214,1
yjfN,4414040,4414315,-1
yjfP,4414975,4415724,1
yjfY,4422539,4422814,-1
yjfZ,4424651,4425445,-1
yjgA,4455337,4455888,-1
yjgH,4470837,4471232,-1
yjgL,4473460,4475274,1
yjgM,4477057,4477560,-1
yjgN,4477753,4478949,1
yjgR,4486584,4488086,-1
yjgW,4497622,4497957,1
yjgX_1X_2,4498066,4498814,-1
yjgX_3,4497700,4497942,-1
yjgZ,4499283,4499612,1
yjhBC,4502081,4504428,1
yjhD,4504649,4504879,-1
yjhE,4504884,4505132,1
yjhF,4518694,4520043,-1
yjhIHG,4520150,4523826,-1
yjhP,4530460,4531206,-1
yjhR,4533038,4534054,1
yjhU,4517361,4518347,-1
yjhXQ,4531262,4532076,-1
yjiC,4553513,4554343,-1
yjiHG-iadA,4556377,4558703,-1
yjiJ,4559520,4560698,-1
yjiK,4560766,4561734,-1
yjiML,4561945,4563873,-1
yjiPQ,4567021,4567941,1
yjiR,4568185,4569597,-1
yjiS,4569774,4569938,1
yjiT,4570437,4571954,1
yjiV,4572158,4574878,1
yjiXA,4585932,4587102,-1
yjiY,4587152,4589302,-1
yjjB-dnaTC-yjjA,4597718,4599973,-1
yjjI,4613538,4615088,-1
yjjJ,4619792,4621123,1
yjjP,4600111,4600881,-1
yjjQ-bglJ,4601500,4602860,1
yjjUV,4610434,4612283,1
yjjW,4612703,4613566,-1
yjjX,4631256,4631768,-1
yjjY,4638425,4638565,1
yjjZ,4603827,4604063,1
yjtD,4638965,4639651,1
ykfA-yafZ,266408,268184,-1
ykfC,272071,273216,1
ykfJ-prfH,253467,254202,1
ykgA,315674,316360,-1
ykgEFG,320832,323677,1
ykgH,323920,324588,-1
ykgJ,303077,303406,-1
ykgL,311336,311563,1
ykgMO,311598,312001,-1
ykgR,312365,312466,-1
ykiA,407833,408174,1
ykiB,389121,389339,-1
ylaB,476291,477841,-1
ylaC,478005,478475,-1
ylbG,528869,529240,-1
yliEF,872202,875886,1
yliI,877965,879080,1
ymbA,1014134,1014682,1
ymcE-gnsA,1051070,1051463,1
ymdA,1104637,1104948,1
ymdB-clsC,1105043,1106999,1
ymdE-ycdU,1094767,1096052,1
ymdF,1067304,1067477,1
ymfA-ycfZ,1179702,1180948,-1
ymfED,1196090,1197460,-1
ymfH-xisE-intE,1198902,1200603,-1
ymfI,1200720,1201061,1
ymfJ,1200999,1201307,-1
ymfK,1201482,1202156,-1
ymfTLMNROPQ-ycfK-ymfS,1202247,1207768,1
ymgE,1243951,1244205,1
ymgF,1218206,1218424,1
ymgGD,1221528,1222142,-1
ymgH-ycgI,1222688,1223130,1
ymiA-yciX,1333184,1333482,1
ymjA,1355447,1355692,-1
ynaA-lomR_1,1424478,1425637,1
ynaE,1432015,1432248,-1
ynaI,1392915,1393946,-1
ynaJ,1395389,1395646,1
ynaK-ydaY,1423401,1424004,1
ynbABCD,1475645,1480225,1
yncD,1518987,1521089,-1
yncE,1521331,1522392,1
yncG,1524271,1524888,1
yncH,1524964,1525176,1
yncI,1528610,1529356,1
yncJ,1506858,1507088,-1
yncK_1,1501167,1501334,-1
yncK_2,1501386,1501673,-1
yncL,1515123,1515218,-1
yncM,1529400,1529600,1
yneE,1606132,1607046,-1
yneF,1608931,1609878,-1
yneHG,1609990,1611275,-1
yneJ,1612828,1613709,1
yneK,1613787,1614902,1
yneL,1588381,1588560,-1
yneM,1620670,1620765,1
ynfA,1653371,1653697,-1
ynfB-speG,1653832,1654768,1
ynfC,1654771,1655481,-1
ynfD,1655589,1655894,1
ynfEFGH-dmsD,1656093,1663144,1
ynfL,1666723,1667616,-1
ynfM,1667723,1668976,1
ynfN,1635978,1636133,-1
ynfO-ydfO,1634780,1635481,1
ynfP,1650752,1650862,-1
ynhG,1755745,1756749,-1
yniA,1805820,1806680,1
yniB,1806721,1807257,-1
yniC,1807404,1808072,1
yniD,1803189,1803296,1
ynjE,1837491,1838798,1
ynjF,1838807,1839427,-1
ynjH,1839887,1840159,-1
ynjI,1841855,1842895,-1
yoaA,1889349,1891259,-1
yoaB,1891391,1891735,1
yoaC,1892097,1892456,1
yoaD,1896451,1898049,1
yoaE,1898053,1899609,-1
yoaF,1875302,1875556,-1
yoaH,1892576,1892755,-1
yoaI,1872102,1872206,-1
yobA-yebZY,1921389,1922993,-1
yobB-exoX,1923464,1924806,1
yobD,1902825,1903283,1
yobF-cspC,1905250,1905615,-1
yobH,1906949,1907188,1
yodB,2040392,2040922,1
yodC,2026212,2026394,-1
yodD,2023010,2023237,1
yoeA,2066659,2067051,1
yoeE,2068268,2068528,1
yoeF,2076599,2076955,1
yohC,2223066,2223653,-1
yohD,2223823,2224401,1
yohF,2224531,2225292,-1
yohH,2226571,2226708,-1
yohJK,2228646,2229736,1
yohO,2213679,2213786,1
yojI,2304994,2306637,-1
ypdABC,2496693,2500009,1
ypdI,2492720,2492995,1
ypdJ,2474116,2474256,1
ypeA-yfeZ,2549299,2550160,-1
ypeC,2509023,2509349,1
ypfG,2579756,2580799,-1
ypfH,2591094,2591792,-1
ypfJ-tmcA,2591866,2594759,-1
ypfM,2588829,2588888,-1
yphA,2671296,2671790,1
yphCB,2671838,2673783,-1
yphFED,2673849,2677389,-1
yphG,2677486,2680767,-1
yphH,2680885,2682078,1
ypjA,2776168,2780748,-1
ypjB,2781660,2782451,-1
ypjC,2782551,2783033,-1
ypjD,2745909,2746775,1
ypjM_1M_2,2770858,2771180,-1
ypjM_3-yfjU,2769862,2770707,-1
yqaBA,2814534,2815525,-1
yqaE,2794892,2795050,-1
yqcC-truC-yqcA,2920557,2922135,-1
yqcE-ygcE,2898614,2901396,1
yqeA,3009483,3010415,1
yqeB,3010636,3012261,-1
yqeC,3012309,3013079,-1
yqeF,2982433,2983614,-1
yqeG,2983869,2985098,1
yqeH,2985558,2986190,1
yqeIJ,2986524,2987808,1
yqeK,2987957,2988382,-1
yqfA,3040511,3041170,-1
yqfB,3041334,3041645,-1
yqfE,3057403,3057633,-1
yqgA,3107575,3108282,1
yqgB,3083942,3084073,-1
yqgC,3084209,3084424,1
yqgD,3084421,3084672,-1
yqgEF,3090959,3091938,1
yqhA,3146999,3147493,-1
yqhC,3152284,3153240,-1
yqhD-dkgA,3153377,3155472,1
yqhG,3155672,3156598,1
yqhH,3156649,3156906,1
yqiC,3182862,3183152,1
yqiJK,3190230,3192547,1
yqjA-mzrA,3245795,3246844,1
yqjCDEK,3246991,3248398,1
yqjF,3248584,3248976,1
yqjG,3249046,3250032,1
yqjH,3213749,3214513,-1
yqjI,3214801,3215424,1
yraH,3285448,3286032,1
yraIJK,3286112,3290454,1
yraN,3293416,3293811,1
yraP,3294431,3295006,1
yraQ,3295120,3296160,-1
yraR,3296233,3296868,-1
yrbG-kdsDC-lptCAB-rpoN-hpf-ptsN-rapZ-npr,3338297,3346260,1
yrbL,3346474,3347106,1
yrbN-deaD,3303993,3305955,-1
yrdA,3427258,3427812,1
yrdD-tsaC-aroE-yrdB,3427788,3429984,-1
yrfF,3524491,3526626,1
yrfG-hslRO,3526691,3528674,1
yrhB,3582782,3583066,1
yrhC,3621910,3622155,1
ysaA,3739132,3739605,-1
ysaB,3723436,3723735,-1
ysgA,4013377,4014192,-1
ytfA,4425792,4426118,1
ytfB,4426102,4426740,-1
ytfE,4429344,4430006,-1
ytfF,4430114,4431088,-1
ytfG,4431187,4432047,-1
ytfH,4432136,4432516,1
ytfI,4435730,4436668,1
ytfJ,4436731,4437285,-1
ytfK,4437610,4437816,1
ytfL,4437895,4439238,-1
ytfQRT-yjfF,4447985,4452601,1
ytjA,4610133,4610312,1
ytjB-lplA,4621124,4622812,-1
ytjC,4631820,4632467,1
yzcX,3991873,3992358,1
yzfA,4445999,4446268,-1
yzgL,3561747,3562028,-1
zapA,3053634,3053963,1
zapB,4116538,4116783,1
zapC,1005175,1005717,1
zapE,3376892,3378019,-1
zinT,2039399,2040049,1
zipA,2528269,2529255,-1
zitB,783105,784046,-1
zntA,3604474,3606672,1
znuA,1939675,1940607,-1
znuCB,1940686,1942223,1
zraP,4199286,4199711,-1
zraSR,4199949,4202668,1
zupT,3180572,3181345,1
zur,4257511,4258026,-1
zwf,1932863,1934338,-1
